{
    "providers": [
       {
         "type": "bitmap",
         "file": "icons:menu/menu_icons.png",
         "ascent": 13,
         "height": 20,
         "chars": [
            "\u4E00\u4E01\u4E02\u4E03\u4E04\u4E05\u4E06\u4E07",
            "\u4E08\u4E09\u4E0A\u4E0B\u4E0C\u4E0D\u4E0E\u4E0F",
            "\u4E10\u4E11\u4E12\u4E13\u4E14\u4E15\u4E16\u4E17",
            "\u4E18\u4E19\u4E1A\u4E1B\u4E1C\u4E1D\u4E1E\u4E1F",
            "\u4E20\u4E21\u4E22\u4E23\u4E24\u4E25\u4E26\u4E27",
            "\u4E28\u4E29\u4E2A\u4E2B\u4E2C\u4E2D\u4E2E\u4E2F",
            "\u4E30\u4E31\u4E32\u4E33\u4E34\u4E35\u4E36\u4E37"
            ]
        },
        {
         "type": "bitmap",
         "file": "icons:item/attributes.png",
         "ascent": 8,
         "height": 9,
         "chars": [
            "\u4E65\u4E66\u4E67\u4E68\u4E69\u4E6A\u4E6B\u4E6C\u4E6D\u4E6E",
            "\u4E6F\u4E70\u4E71\u4E72\u4E73\u4E74\u4E75\u4E76\u4E77\u4E78"
            ]
        },
        {
         "type": "bitmap",
         "file": "icons:item/food.png",
         "ascent": 7,
         "height": 9,
         "chars": [
            "\u50AB\u50AC\u50AD\u50AE",
            "\u50AF\u50B0\u50B1\u50B2",
            "\u50B3\u50B4\u50B5\u50B6",
            "\u50B7\u50B8\u50B9\u50BA",
			"\u50BB\u50BC\u50BD\u50BE",
			"\u50BF\u50C0\u50C1\u50C2",
			"\u50C3\u50C4\u50C5\u50C6",
			"\u50C7\u50C8\u50C9\u50CA",
            "\u50CB\u50CC\u50CD\u50CE",
            "\u50CF\u50D0\u50D1\u50D2",
			"\u50D3\u50D4\u50D5\u50D6",
			"\u50D7\u50D8\u50D9\u50DA",
			"\u50DB\u50DC\u50DD\u50DE",
			"\u50DF\u50E0\u50E1\u50E2"	
            ]
        },
		{
         "type": "bitmap",
         "file": "icons:item/effects.png",
         "ascent": 8,
         "height": 10,
         "chars": [
			"\u50E3\u50E4\u50E5\u50E6\u50E7\u50E8\u50E9\u50EA",	
            "\u50EB\u50EC\u50ED\u50EE\u50EF\u50F0\u50F1\u50F2",
			"\u50F3\u50F4\u50F5\u50F6\u50F7\u50F8\u50F9\u50FA",
			"\u50FB\u50FC\u50FD\u50FE\u50FF\u5100\u5101\u5102"
            ]
        },
        {
         "type": "bitmap",
         "file": "icons:item/enchantments.png",
         "ascent": 8,
         "height": 9,
         "chars": [
            "\u5107\u5108\u5109\u510A\u510B\u510C\u510D\u510E",
            "\u510F\u5110\u5111\u5112\u5113\u5114\u5115\u5116"
            ]
        }
    ]
}