{
	"credit": "Created by Stridey",
	"ambientocclusion": false,
	"textures": {
		"particle": "block/acacia_door_top",
		"top": "block/acacia_door_top"
	},
	"elements": [
		{
			"from": [0, 0, 0],
			"to": [3, 1, 16],
			"faces": {
				"north": {"uv": [1, 15, 0, 16], "texture": "#top", "cullface": "north"},
				"east": {"uv": [16, 15, 0, 16], "texture": "#top"},
				"south": {"uv": [15, 15, 16, 16], "texture": "#top", "cullface": "south"},
				"west": {"uv": [0, 15, 16, 16], "texture": "#top", "cullface": "west"},
				"up": {"uv": [0, 0, 16, 2], "rotation": 90, "texture": "#top"}
			}
		},
		{
			"from": [0, 13, 0],
			"to": [3, 16, 16],
			"faces": {
				"north": {"uv": [1, 0, 0, 3], "texture": "#top", "cullface": "north"},
				"east": {"uv": [16, 0, 0, 3], "texture": "#top"},
				"south": {"uv": [15, 0, 16, 3], "texture": "#top", "cullface": "south"},
				"west": {"uv": [0, 0, 16, 3], "texture": "#top", "cullface": "west"},
				"up": {"uv": [0, 0, 16, 1], "rotation": 90, "texture": "#top", "cullface": "up"},
				"down": {"uv": [0, 2, 16, 3], "rotation": 270, "texture": "#top"}
			}
		},
		{
			"from": [0, 1, 13],
			"to": [3, 13, 16],
			"faces": {
				"north": {"uv": [14, 3, 13, 15], "texture": "#top"},
				"east": {"uv": [16, 3, 13, 15], "texture": "#top"},
				"south": {"uv": [15, 3, 16, 15], "texture": "#top", "cullface": "south"},
				"west": {"uv": [13, 3, 16, 15], "texture": "#top", "cullface": "west"}
			}
		},
		{
			"from": [0, 1, 0],
			"to": [3, 13, 3],
			"faces": {
				"north": {"uv": [1, 3, 0, 15], "texture": "#top", "cullface": "north"},
				"east": {"uv": [3, 3, 0, 15], "texture": "#top"},
				"south": {"uv": [3, 3, 2, 15], "texture": "#top"},
				"west": {"uv": [0, 3, 3, 15], "texture": "#top", "cullface": "west"}
			}
		},
		{
			"from": [0.5, 1, 5],
			"to": [2.5, 13, 7],
			"faces": {
				"north": {"uv": [6, 3, 5, 15], "texture": "#top"},
				"east": {"uv": [7, 3, 5, 15], "texture": "#top"},
				"south": {"uv": [7, 3, 6, 15], "texture": "#top"},
				"west": {"uv": [5, 3, 7, 15], "texture": "#top", "cullface": "west"}
			}
		},
		{
			"from": [0.5, 1, 9],
			"to": [2.5, 13, 11],
			"faces": {
				"north": {"uv": [10, 3, 9, 15], "texture": "#top"},
				"east": {"uv": [11, 3, 9, 15], "texture": "#top"},
				"south": {"uv": [11, 3, 10, 15], "texture": "#top"},
				"west": {"uv": [9, 3, 11, 15], "texture": "#top", "cullface": "west"}
			}
		},
		{
			"from": [-0.5, 0, 12],
			"to": [0, 1, 15],
			"rotation": {"angle": 0, "axis": "y", "origin": [8, 8, 22]},
			"faces": {
				"north": {"uv": [12, 15, 13, 16], "texture": "#top"},
				"east": {"uv": [12, 15, 15, 16], "rotation": 180, "texture": "#top"},
				"south": {"uv": [14, 15, 15, 16], "texture": "#top"},
				"west": {"uv": [12, 15, 15, 16], "texture": "#top", "cullface": "west"},
				"up": {"uv": [12, 15, 15, 16], "rotation": 90, "texture": "#top"},
				"down": {"uv": [12, 15, 15, 16], "rotation": 270, "texture": "#top", "cullface": "down"}
			}
		},
		{
			"from": [3, 0, 12],
			"to": [3.5, 1, 15],
			"rotation": {"angle": 0, "axis": "y", "origin": [8, 8, 22]},
			"faces": {
				"north": {"uv": [12, 15, 13, 16], "texture": "#top"},
				"east": {"uv": [12, 15, 15, 16], "rotation": 180, "texture": "#top"},
				"south": {"uv": [14, 15, 15, 16], "texture": "#top"},
				"west": {"uv": [12, 15, 15, 16], "texture": "#top", "cullface": "west"},
				"up": {"uv": [12, 15, 15, 16], "rotation": 90, "texture": "#top"},
				"down": {"uv": [12, 15, 15, 16], "rotation": 270, "texture": "#top", "cullface": "down"}
			}
		}
	]
}