{
	"credit": "Created by Stridey",
	"ambientocclusion": false,
	"textures": {
		"particle": "block/birch_door_top",
		"top": "block/birch_door_top"
	},
	"elements": [
		{
			"from": [0, 0, 0],
			"to": [3, 16, 3],
			"faces": {
				"north": {"uv": [16, 0, 15, 16], "texture": "#top", "cullface": "north"},
				"east": {"uv": [13, 0, 16, 16], "texture": "#top"},
				"south": {"uv": [13, 0, 14, 16], "texture": "#top"},
				"west": {"uv": [16, 0, 13, 16], "texture": "#top", "cullface": "west"},
				"up": {"uv": [0, 1, 3, 0], "rotation": 90, "texture": "#top", "cullface": "up"}
			}
		},
		{
			"from": [0, 0, 13],
			"to": [3, 16, 16],
			"faces": {
				"north": {"uv": [2, 0, 3, 16], "texture": "#top"},
				"east": {"uv": [0, 0, 3, 16], "texture": "#top"},
				"south": {"uv": [0, 0, 1, 16], "texture": "#top", "cullface": "south"},
				"west": {"uv": [3, 0, 0, 16], "texture": "#top", "cullface": "west"},
				"up": {"uv": [13, 0, 16, 1], "rotation": 90, "texture": "#top", "cullface": "up"}
			}
		},
		{
			"from": [0, 13, 3],
			"to": [3, 16, 13],
			"faces": {
				"east": {"uv": [3, 0, 13, 3], "texture": "#top"},
				"west": {"uv": [13, 0, 3, 3], "texture": "#top", "cullface": "west"},
				"up": {"uv": [3, 0, 14, 1], "texture": "#top", "cullface": "up"},
				"down": {"uv": [3, 2, 13, 3], "rotation": 90, "texture": "#top"}
			}
		},
		{
			"from": [0.5, 0, 3],
			"to": [2.5, 13, 13],
			"faces": {
				"east": {"uv": [3, 3, 13, 16], "texture": "#top"},
				"west": {"uv": [13, 3, 3, 16], "texture": "#top"}
			}
		},
		{
			"from": [-0.5, 0, 1],
			"to": [3.5, 2, 2],
			"rotation": {"angle": 0, "axis": "y", "origin": [8, 8, 9]},
			"faces": {
				"north": {"uv": [14, 14, 15, 16], "texture": "#top"},
				"east": {"uv": [14, 14, 15, 16], "texture": "#top"},
				"south": {"uv": [14, 14, 15, 16], "texture": "#top"},
				"west": {"uv": [14, 14, 15, 16], "texture": "#top", "cullface": "west"},
				"up": {"uv": [14, 14, 15, 15], "texture": "#top"},
				"down": {"uv": [14, 15, 15, 16], "texture": "#top", "cullface": "down"}
			}
		}
	]
}