{
	"credit": "Made with Blockbench",
	"parent": "minecraft:block/template_orientable_trapdoor_open",
	"textures": {
		"1": "block/cherry_trapdoor",
		"2": "block/cherry_trapdoor_side",
		"particle": "block/cherry_trapdoor"
	},
	"elements": [
		{
			"from": [0, 12, 13],
			"to": [16, 16, 16],
			"faces": {
				"north": {"uv": [0, 12, 16, 16], "rotation": 180, "texture": "#1"},
				"east": {"uv": [12, 0, 16, 3], "rotation": 270, "texture": "#2"},
				"south": {"uv": [0, 0, 16, 4], "texture": "#1"},
				"west": {"uv": [0, 0, 4, 3], "rotation": 90, "texture": "#2"},
				"up": {"uv": [0, 0, 16, 3], "rotation": 180, "texture": "#1"},
				"down": {"uv": [0, 0, 16, 3], "texture": "#2"}
			}
		},
		{
			"from": [0, 0, 13],
			"to": [16, 4, 16],
			"faces": {
				"north": {"uv": [0, 16, 16, 12], "rotation": 180, "texture": "#1"},
				"east": {"uv": [0, 0, 4, 3], "rotation": 270, "texture": "#2"},
				"south": {"uv": [0, 12, 16, 16], "texture": "#1"},
				"west": {"uv": [12, 0, 16, 3], "rotation": 90, "texture": "#2"},
				"up": {"uv": [0, 0, 16, 3], "rotation": 180, "texture": "#2"},
				"down": {"uv": [0, 3, 16, 0], "texture": "#2"}
			}
		},
		{
			"from": [0, 4, 13],
			"to": [4, 12, 16],
			"faces": {
				"north": {"uv": [0, 4, 4, 12], "rotation": 180, "texture": "#1"},
				"east": {"uv": [4, 0, 12, 3], "rotation": 270, "texture": "#2"},
				"south": {"uv": [0, 4, 4, 12], "texture": "#1"},
				"west": {"uv": [4, 0, 12, 3], "rotation": 90, "texture": "#2"},
				"up": {"uv": [0, 0, 4, 3], "rotation": 180, "texture": "#1"},
				"down": {"uv": [0, 0, 4, 3], "texture": "#1"}
			}
		},
		{
			"from": [12, 4, 13],
			"to": [16, 12, 16],
			"faces": {
				"north": {"uv": [12, 4, 16, 12], "rotation": 180, "texture": "#1"},
				"east": {"uv": [4, 0, 12, 3], "rotation": 270, "texture": "#2"},
				"south": {"uv": [12, 4, 16, 12], "texture": "#1"},
				"west": {"uv": [4, 0, 12, 3], "rotation": 90, "texture": "#2"},
				"up": {"uv": [0, 0, 4, 3], "rotation": 180, "texture": "#1"},
				"down": {"uv": [0, 0, 4, 3], "texture": "#1"}
			}
		},
		{
			"from": [6, 4, 13.5],
			"to": [7, 12, 15.5],
			"faces": {
				"north": {"uv": [6, 4, 7, 12], "rotation": 180, "texture": "#1"},
				"east": {"uv": [4, 6, 12, 7], "rotation": 270, "texture": "#1"},
				"south": {"uv": [6, 4, 7, 12], "texture": "#1"},
				"west": {"uv": [4, 6, 12, 7], "rotation": 90, "texture": "#1"},
				"up": {"uv": [0, 0, 1, 2], "rotation": 180, "texture": "#1"},
				"down": {"uv": [0, 0, 1, 2], "texture": "#1"}
			}
		},
		{
			"from": [9, 4, 13.5],
			"to": [10, 12, 15.5],
			"faces": {
				"north": {"uv": [9, 4, 10, 12], "rotation": 180, "texture": "#1"},
				"east": {"uv": [4, 9, 12, 10], "rotation": 270, "texture": "#1"},
				"south": {"uv": [9, 4, 10, 12], "texture": "#1"},
				"west": {"uv": [4, 9, 12, 10], "rotation": 90, "texture": "#1"},
				"up": {"uv": [0, 0, 1, 2], "rotation": 180, "texture": "#1"},
				"down": {"uv": [0, 0, 1, 2], "texture": "#1"}
			}
		},
		{
			"from": [7, 9, 13.5],
			"to": [9, 10, 15.5],
			"faces": {
				"north": {"uv": [7, 6, 9, 7], "rotation": 180, "texture": "#1"},
				"east": {"uv": [0, 0, 1, 2], "rotation": 270, "texture": "#1"},
				"south": {"uv": [7, 6, 9, 7], "texture": "#1"},
				"west": {"uv": [0, 0, 1, 2], "rotation": 90, "texture": "#1"},
				"up": {"uv": [7, 6, 9, 7], "rotation": 180, "texture": "#1"},
				"down": {"uv": [7, 6, 9, 7], "texture": "#1"}
			}
		},
		{
			"from": [7, 6, 13.5],
			"to": [9, 7, 15.5],
			"faces": {
				"north": {"uv": [7, 9, 9, 10], "rotation": 180, "texture": "#1"},
				"east": {"uv": [0, 0, 1, 2], "rotation": 270, "texture": "#1"},
				"south": {"uv": [7, 9, 9, 10], "texture": "#1"},
				"west": {"uv": [0, 0, 1, 2], "rotation": 90, "texture": "#1"},
				"up": {"uv": [7, 9, 9, 10], "rotation": 180, "texture": "#1"},
				"down": {"uv": [7, 9, 9, 10], "texture": "#1"}
			}
		},
		{
			"from": [10, 9, 13.5],
			"to": [12, 10, 15.5],
			"faces": {
				"north": {"uv": [10, 6, 12, 7], "rotation": 180, "texture": "#1"},
				"east": {"uv": [0, 0, 1, 2], "rotation": 270, "texture": "#1"},
				"south": {"uv": [10, 6, 12, 7], "texture": "#1"},
				"west": {"uv": [0, 0, 1, 2], "rotation": 90, "texture": "#1"},
				"up": {"uv": [10, 6, 12, 7], "rotation": 180, "texture": "#1"},
				"down": {"uv": [10, 6, 12, 7], "texture": "#1"}
			}
		},
		{
			"from": [4, 9, 13.5],
			"to": [6, 10, 15.5],
			"faces": {
				"north": {"uv": [4, 6, 6, 7], "rotation": 180, "texture": "#1"},
				"east": {"uv": [0, 0, 1, 2], "rotation": 270, "texture": "#1"},
				"south": {"uv": [4, 6, 6, 7], "texture": "#1"},
				"west": {"uv": [0, 0, 1, 2], "rotation": 90, "texture": "#1"},
				"up": {"uv": [4, 6, 6, 7], "rotation": 180, "texture": "#1"},
				"down": {"uv": [4, 6, 6, 7], "texture": "#1"}
			}
		},
		{
			"from": [4, 6, 13.5],
			"to": [6, 7, 15.5],
			"faces": {
				"north": {"uv": [4, 9, 6, 10], "rotation": 180, "texture": "#1"},
				"east": {"uv": [0, 0, 1, 2], "rotation": 270, "texture": "#1"},
				"south": {"uv": [4, 9, 6, 10], "texture": "#1"},
				"west": {"uv": [0, 0, 1, 2], "rotation": 90, "texture": "#1"},
				"up": {"uv": [4, 9, 6, 10], "rotation": 180, "texture": "#1"},
				"down": {"uv": [4, 9, 6, 10], "texture": "#1"}
			}
		},
		{
			"from": [10, 6, 13.5],
			"to": [12, 7, 15.5],
			"faces": {
				"north": {"uv": [10, 9, 12, 10], "rotation": 180, "texture": "#1"},
				"east": {"uv": [0, 0, 1, 2], "rotation": 270, "texture": "#1"},
				"south": {"uv": [10, 9, 12, 10], "texture": "#1"},
				"west": {"uv": [0, 0, 1, 2], "rotation": 90, "texture": "#1"},
				"up": {"uv": [10, 9, 12, 10], "rotation": 180, "texture": "#1"},
				"down": {"uv": [10, 9, 12, 10], "texture": "#1"}
			}
		}
	]
}