{
	"credit": "Made with Blockbench",
	"parent": "minecraft:block/template_orientable_trapdoor_bottom",
	"textures": {
		"1": "block/cherry_trapdoor",
		"2": "block/cherry_trapdoor_side",
		"particle": "block/cherry_trapdoor"
	},
	"elements": [
		{
			"from": [0, 0, 0],
			"to": [16, 3, 4],
			"faces": {
				"north": {"uv": [0, 0, 16, 3], "texture": "#1"},
				"east": {"uv": [12, 0, 16, 3], "texture": "#2"},
				"south": {"uv": [0, 0, 16, 3], "texture": "#2"},
				"west": {"uv": [0, 0, 4, 3], "texture": "#2"},
				"up": {"uv": [0, 0, 16, 4], "texture": "#1"},
				"down": {"uv": [0, 12, 16, 16], "texture": "#1"}
			}
		},
		{
			"from": [0, 0, 12],
			"to": [16, 3, 16],
			"faces": {
				"north": {"uv": [0, 0, 16, 3], "texture": "#2"},
				"east": {"uv": [0, 0, 4, 3], "texture": "#2"},
				"south": {"uv": [0, 3, 16, 0], "texture": "#2"},
				"west": {"uv": [12, 0, 16, 3], "texture": "#2"},
				"up": {"uv": [0, 12, 16, 16], "texture": "#1"},
				"down": {"uv": [0, 16, 16, 12], "texture": "#1"}
			}
		},
		{
			"from": [0, 0, 4],
			"to": [4, 3, 12],
			"faces": {
				"north": {"uv": [0, 0, 4, 3], "texture": "#1"},
				"east": {"uv": [4, 0, 12, 3], "texture": "#2"},
				"south": {"uv": [0, 0, 4, 3], "texture": "#1"},
				"west": {"uv": [4, 0, 12, 3], "texture": "#2"},
				"up": {"uv": [0, 4, 4, 12], "texture": "#1"},
				"down": {"uv": [0, 4, 4, 12], "texture": "#1"}
			}
		},
		{
			"from": [12, 0, 4],
			"to": [16, 3, 12],
			"faces": {
				"north": {"uv": [0, 0, 4, 3], "texture": "#1"},
				"east": {"uv": [4, 0, 12, 3], "texture": "#2"},
				"south": {"uv": [0, 0, 4, 3], "texture": "#1"},
				"west": {"uv": [4, 0, 12, 3], "texture": "#2"},
				"up": {"uv": [12, 4, 16, 12], "texture": "#1"},
				"down": {"uv": [12, 4, 16, 12], "texture": "#1"}
			}
		},
		{
			"from": [6, 0.5, 4],
			"to": [7, 2.5, 12],
			"faces": {
				"north": {"uv": [0, 0, 1, 2], "texture": "#missing"},
				"east": {"uv": [4, 6, 12, 7], "texture": "#1"},
				"south": {"uv": [0, 0, 1, 2], "texture": "#missing"},
				"west": {"uv": [4, 6, 12, 7], "texture": "#1"},
				"up": {"uv": [6, 4, 7, 12], "texture": "#1"},
				"down": {"uv": [6, 4, 7, 12], "texture": "#1"}
			}
		},
		{
			"from": [9, 0.5, 4],
			"to": [10, 2.5, 12],
			"faces": {
				"north": {"uv": [0, 0, 1, 2], "texture": "#missing"},
				"east": {"uv": [4, 9, 12, 10], "texture": "#1"},
				"south": {"uv": [0, 0, 1, 2], "texture": "#missing"},
				"west": {"uv": [4, 9, 12, 10], "texture": "#1"},
				"up": {"uv": [9, 4, 10, 12], "texture": "#1"},
				"down": {"uv": [9, 4, 10, 12], "texture": "#1"}
			}
		},
		{
			"from": [7, 0.5, 6],
			"to": [9, 2.5, 7],
			"faces": {
				"north": {"uv": [7, 6, 9, 7], "texture": "#1"},
				"east": {"uv": [0, 0, 1, 2], "texture": "#missing"},
				"south": {"uv": [7, 6, 9, 7], "texture": "#1"},
				"west": {"uv": [0, 0, 1, 2], "texture": "#missing"},
				"up": {"uv": [7, 6, 9, 7], "texture": "#1"},
				"down": {"uv": [7, 6, 9, 7], "texture": "#1"}
			}
		},
		{
			"from": [7, 0.5, 9],
			"to": [9, 2.5, 10],
			"faces": {
				"north": {"uv": [7, 9, 9, 10], "texture": "#1"},
				"east": {"uv": [0, 0, 1, 2], "texture": "#missing"},
				"south": {"uv": [7, 9, 9, 10], "texture": "#1"},
				"west": {"uv": [0, 0, 1, 2], "texture": "#missing"},
				"up": {"uv": [7, 9, 9, 10], "texture": "#1"},
				"down": {"uv": [7, 9, 9, 10], "texture": "#1"}
			}
		},
		{
			"from": [10, 0.5, 6],
			"to": [12, 2.5, 7],
			"faces": {
				"north": {"uv": [10, 6, 12, 7], "texture": "#1"},
				"east": {"uv": [0, 0, 1, 2], "texture": "#missing"},
				"south": {"uv": [10, 6, 12, 7], "texture": "#1"},
				"west": {"uv": [0, 0, 1, 2], "texture": "#missing"},
				"up": {"uv": [10, 6, 12, 7], "texture": "#1"},
				"down": {"uv": [10, 6, 12, 7], "texture": "#1"}
			}
		},
		{
			"from": [4, 0.5, 6],
			"to": [6, 2.5, 7],
			"faces": {
				"north": {"uv": [4, 6, 6, 7], "texture": "#1"},
				"east": {"uv": [0, 0, 1, 2], "texture": "#missing"},
				"south": {"uv": [4, 6, 6, 7], "texture": "#1"},
				"west": {"uv": [0, 0, 1, 2], "texture": "#missing"},
				"up": {"uv": [4, 6, 6, 7], "texture": "#1"},
				"down": {"uv": [4, 6, 6, 7], "texture": "#1"}
			}
		},
		{
			"from": [4, 0.5, 9],
			"to": [6, 2.5, 10],
			"faces": {
				"north": {"uv": [4, 9, 6, 10], "texture": "#1"},
				"east": {"uv": [0, 0, 1, 2], "texture": "#missing"},
				"south": {"uv": [4, 9, 6, 10], "texture": "#1"},
				"west": {"uv": [0, 0, 1, 2], "texture": "#missing"},
				"up": {"uv": [4, 9, 6, 10], "texture": "#1"},
				"down": {"uv": [4, 9, 6, 10], "texture": "#1"}
			}
		},
		{
			"from": [10, 0.5, 9],
			"to": [12, 2.5, 10],
			"faces": {
				"north": {"uv": [10, 9, 12, 10], "texture": "#1"},
				"east": {"uv": [0, 0, 1, 2], "texture": "#missing"},
				"south": {"uv": [10, 9, 12, 10], "texture": "#1"},
				"west": {"uv": [0, 0, 1, 2], "texture": "#missing"},
				"up": {"uv": [10, 9, 12, 10], "texture": "#1"},
				"down": {"uv": [10, 9, 12, 10], "texture": "#1"}
			}
		}
	]
}