{
	"credit": "Made with Blockbench",
	"parent": "minecraft:block/door_top_right",
	"textures": {
		"1": "block/cherry_door_side",
		"top": "block/cherry_door_top",
		"particle": "block/cherry_door_side"
	},
	"elements": [
		{
			"from": [0, 0, 12],
			"to": [3, 12, 16],
			"faces": {
				"north": {"uv": [12, 4, 16, 16], "texture": "#top"},
				"east": {"uv": [0, 4, 4, 16], "texture": "#top"},
				"south": {"uv": [0, 4, 3, 16], "texture": "#1"},
				"west": {"uv": [4, 4, 0, 16], "texture": "#top"},
				"up": {"uv": [0, 0, 4, 4], "rotation": 180, "texture": "#missing"}
			}
		},
		{
			"from": [0, 0, 0],
			"to": [3, 12, 4],
			"faces": {
				"north": {"uv": [6, 4, 9, 16], "texture": "#1"},
				"east": {"uv": [12, 4, 16, 16], "texture": "#top"},
				"south": {"uv": [12, 4, 16, 16], "texture": "#top"},
				"west": {"uv": [12, 4, 16, 16], "texture": "#top"},
				"up": {"uv": [0, 0, 4, 4], "rotation": 180, "texture": "#missing"}
			}
		},
		{
			"from": [0, 12, 0],
			"to": [3, 16, 16],
			"faces": {
				"north": {"uv": [6, 0, 9, 4], "texture": "#1"},
				"east": {"uv": [0, 0, 16, 4], "texture": "#top"},
				"south": {"uv": [0, 0, 3, 4], "texture": "#1"},
				"west": {"uv": [0, 0, 16, 4], "texture": "#top"},
				"up": {"uv": [12, 0, 15, 16], "rotation": 180, "texture": "#1"},
				"down": {"uv": [0, 0, 16, 4], "rotation": 270, "texture": "#top"}
			}
		},
		{
			"from": [0, 11, 11],
			"to": [3, 12, 12],
			"faces": {
				"north": {"uv": [4, 4, 5, 5], "texture": "#top"},
				"east": {"uv": [4, 4, 5, 5], "texture": "#top"},
				"south": {"uv": [0, 0, 4, 1], "texture": "#missing"},
				"west": {"uv": [4, 4, 5, 5], "texture": "#top"},
				"up": {"uv": [0, 0, 4, 1], "rotation": 180, "texture": "#missing"},
				"down": {"uv": [4, 4, 5, 5], "rotation": 180, "texture": "#top"}
			}
		},
		{
			"from": [0, 11, 4],
			"to": [3, 12, 5],
			"faces": {
				"north": {"uv": [0, 0, 4, 1], "texture": "#missing"},
				"east": {"uv": [4, 4, 5, 5], "texture": "#top"},
				"south": {"uv": [4, 4, 5, 5], "texture": "#top"},
				"west": {"uv": [4, 4, 5, 5], "texture": "#top"},
				"up": {"uv": [0, 0, 4, 1], "rotation": 180, "texture": "#missing"},
				"down": {"uv": [4, 4, 5, 5], "rotation": 180, "texture": "#top"}
			}
		},
		{
			"from": [0, 11, 6],
			"to": [3, 12, 10],
			"faces": {
				"north": {"uv": [10, 4, 8, 5], "texture": "#top"},
				"east": {"uv": [6, 4, 10, 5], "texture": "#top"},
				"south": {"uv": [8, 4, 6, 5], "texture": "#top"},
				"west": {"uv": [10, 4, 6, 5], "texture": "#top"},
				"up": {"uv": [0, 0, 4, 4], "rotation": 180, "texture": "#missing"},
				"down": {"uv": [10, 5, 6, 4], "rotation": 270, "texture": "#top"}
			}
		},
		{
			"from": [0, 9, 6],
			"to": [3, 10, 10],
			"faces": {
				"north": {"uv": [8, 6, 10, 7], "texture": "#top"},
				"east": {"uv": [6, 6, 10, 7], "texture": "#top"},
				"south": {"uv": [6, 6, 7, 7], "texture": "#top"},
				"west": {"uv": [10, 6, 6, 7], "texture": "#top"},
				"up": {"uv": [6, 6, 10, 7], "rotation": 270, "texture": "#top"},
				"down": {"uv": [10, 6, 6, 7], "rotation": 270, "texture": "#top"}
			}
		},
		{
			"from": [0, 6, 11],
			"to": [3, 10, 12],
			"faces": {
				"north": {"uv": [4, 6, 5, 10], "texture": "#top"},
				"east": {"uv": [4, 6, 5, 10], "texture": "#top"},
				"south": {"uv": [0, 0, 4, 4], "texture": "#missing"},
				"west": {"uv": [5, 10, 4, 6], "rotation": 180, "texture": "#top"},
				"up": {"uv": [4, 6, 5, 8], "rotation": 90, "texture": "#top"},
				"down": {"uv": [4, 9, 5, 10], "rotation": 270, "texture": "#top"}
			}
		},
		{
			"from": [0, 6, 4],
			"to": [3, 10, 5],
			"faces": {
				"north": {"uv": [0, 0, 4, 4], "texture": "#missing"},
				"east": {"uv": [11, 6, 12, 10], "texture": "#top"},
				"south": {"uv": [11, 6, 12, 10], "texture": "#top"},
				"west": {"uv": [11, 6, 12, 10], "texture": "#top"},
				"up": {"uv": [11, 6, 12, 8], "rotation": 90, "texture": "#top"},
				"down": {"uv": [11, 9, 12, 10], "rotation": 180, "texture": "#top"}
			}
		},
		{
			"from": [0, 2, 9],
			"to": [3, 4, 10],
			"faces": {
				"north": {"uv": [11, 12, 12, 14], "texture": "#top"},
				"east": {"uv": [11, 12, 12, 14], "texture": "#top"},
				"south": {"uv": [11, 12, 12, 14], "texture": "#top"},
				"west": {"uv": [11, 12, 12, 14], "texture": "#top"},
				"up": {"uv": [0, 0, 4, 1], "rotation": 180, "texture": "#missing"},
				"down": {"uv": [0, 0, 4, 1], "rotation": 180, "texture": "#missing"}
			}
		},
		{
			"from": [0, 2, 6],
			"to": [3, 4, 7],
			"faces": {
				"north": {"uv": [9, 12, 10, 14], "texture": "#top"},
				"east": {"uv": [6, 14, 7, 12], "texture": "#top"},
				"south": {"uv": [6, 14, 7, 12], "texture": "#top"},
				"west": {"uv": [7, 14, 6, 12], "texture": "#top"},
				"up": {"uv": [0, 0, 4, 1], "rotation": 180, "texture": "#missing"},
				"down": {"uv": [0, 0, 4, 1], "rotation": 180, "texture": "#missing"}
			}
		},
		{
			"from": [0.25, 0, 7],
			"to": [2.75, 1, 9],
			"faces": {
				"north": {"uv": [7, 15, 8.5, 16], "texture": "#top"},
				"east": {"uv": [7, 15, 9, 16], "texture": "#top"},
				"south": {"uv": [7, 15, 8.5, 16], "texture": "#top"},
				"west": {"uv": [7, 15, 9, 16], "texture": "#top"},
				"up": {"uv": [0, 0, 3.5, 2], "rotation": 180, "texture": "#missing"}
			}
		},
		{
			"from": [0.25, 7, 10],
			"to": [2.75, 9, 11],
			"faces": {
				"north": {"uv": [5, 7, 5.5, 9], "texture": "#top"},
				"east": {"uv": [5, 7, 6, 9], "texture": "#top"},
				"south": {"uv": [5, 7, 5.5, 9], "texture": "#top"},
				"west": {"uv": [5, 7, 6, 9], "texture": "#top"},
				"up": {"uv": [5, 7, 5.5, 8], "rotation": 180, "texture": "#top"},
				"down": {"uv": [5, 8, 5.5, 9], "rotation": 180, "texture": "#top"}
			}
		},
		{
			"from": [0, 1, 11],
			"to": [3, 5, 12],
			"faces": {
				"north": {"uv": [4, 6, 5, 10], "texture": "#top"},
				"east": {"uv": [4, 6, 5, 10], "texture": "#top"},
				"south": {"uv": [0, 0, 4, 4], "texture": "#missing"},
				"west": {"uv": [5, 10, 4, 6], "rotation": 180, "texture": "#top"},
				"up": {"uv": [4, 6, 5, 8], "rotation": 90, "texture": "#top"},
				"down": {"uv": [4, 9, 5, 10], "rotation": 270, "texture": "#top"}
			}
		},
		{
			"from": [0, 1, 4],
			"to": [3, 5, 5],
			"faces": {
				"north": {"uv": [0, 0, 4, 4], "texture": "#missing"},
				"east": {"uv": [11, 6, 12, 10], "texture": "#top"},
				"south": {"uv": [11, 6, 12, 10], "texture": "#top"},
				"west": {"uv": [11, 6, 12, 10], "texture": "#top"},
				"up": {"uv": [11, 6, 12, 8], "rotation": 90, "texture": "#top"},
				"down": {"uv": [11, 9, 12, 10], "rotation": 180, "texture": "#top"}
			}
		},
		{
			"from": [0, 6, 6],
			"to": [3, 7, 10],
			"faces": {
				"north": {"uv": [10, 4, 8, 5], "texture": "#top"},
				"east": {"uv": [6, 4, 10, 5], "texture": "#top"},
				"south": {"uv": [8, 4, 6, 5], "texture": "#top"},
				"west": {"uv": [10, 4, 6, 5], "texture": "#top"},
				"up": {"uv": [6, 4, 10, 5], "rotation": 270, "texture": "#top"},
				"down": {"uv": [10, 5, 6, 4], "rotation": 270, "texture": "#top"}
			}
		},
		{
			"from": [0, 1, 6],
			"to": [3, 2, 10],
			"faces": {
				"north": {"uv": [10, 4, 8, 5], "texture": "#top"},
				"east": {"uv": [6, 4, 10, 5], "texture": "#top"},
				"south": {"uv": [8, 4, 6, 5], "texture": "#top"},
				"west": {"uv": [10, 4, 6, 5], "texture": "#top"},
				"up": {"uv": [6, 4, 10, 5], "rotation": 270, "texture": "#top"},
				"down": {"uv": [10, 5, 6, 4], "rotation": 270, "texture": "#top"}
			}
		},
		{
			"from": [0.25, 0, 7],
			"to": [2.75, 1, 9],
			"faces": {
				"north": {"uv": [7, 15, 8.5, 16], "texture": "#top"},
				"east": {"uv": [7, 15, 9, 16], "texture": "#top"},
				"south": {"uv": [7, 15, 8.5, 16], "texture": "#top"},
				"west": {"uv": [7, 15, 9, 16], "texture": "#top"},
				"up": {"uv": [0, 0, 3.5, 2], "rotation": 180, "texture": "#missing"}
			}
		},
		{
			"from": [0.25, 5, 7],
			"to": [2.75, 6, 9],
			"faces": {
				"north": {"uv": [7, 15, 8.5, 16], "texture": "#top"},
				"east": {"uv": [7, 15, 9, 16], "texture": "#top"},
				"south": {"uv": [7, 15, 8.5, 16], "texture": "#top"},
				"west": {"uv": [7, 15, 9, 16], "texture": "#top"},
				"up": {"uv": [0, 0, 3.5, 2], "rotation": 180, "texture": "#missing"}
			}
		},
		{
			"from": [0.25, 10, 7],
			"to": [2.75, 11, 9],
			"faces": {
				"north": {"uv": [7, 15, 8.5, 16], "texture": "#top"},
				"east": {"uv": [7, 15, 9, 16], "texture": "#top"},
				"south": {"uv": [7, 15, 8.5, 16], "texture": "#top"},
				"west": {"uv": [7, 15, 9, 16], "texture": "#top"},
				"up": {"uv": [0, 0, 3.5, 2], "rotation": 180, "texture": "#missing"}
			}
		},
		{
			"from": [0.25, 2, 10],
			"to": [2.75, 4, 11],
			"faces": {
				"north": {"uv": [5, 7, 5.5, 9], "texture": "#top"},
				"east": {"uv": [5, 7, 6, 9], "texture": "#top"},
				"south": {"uv": [5, 7, 5.5, 9], "texture": "#top"},
				"west": {"uv": [5, 7, 6, 9], "texture": "#top"},
				"up": {"uv": [5, 7, 5.5, 8], "rotation": 180, "texture": "#top"},
				"down": {"uv": [5, 8, 5.5, 9], "rotation": 180, "texture": "#top"}
			}
		},
		{
			"from": [0.25, 2, 5],
			"to": [2.75, 4, 6],
			"faces": {
				"north": {"uv": [5, 7, 5.5, 9], "texture": "#top"},
				"east": {"uv": [5, 7, 6, 9], "texture": "#top"},
				"south": {"uv": [5, 7, 5.5, 9], "texture": "#top"},
				"west": {"uv": [5, 7, 6, 9], "texture": "#top"},
				"up": {"uv": [5, 7, 5.5, 8], "rotation": 180, "texture": "#top"},
				"down": {"uv": [5, 8, 5.5, 9], "rotation": 180, "texture": "#top"}
			}
		},
		{
			"from": [0.25, 7, 5],
			"to": [2.75, 9, 6],
			"faces": {
				"north": {"uv": [5, 7, 5.5, 9], "texture": "#top"},
				"east": {"uv": [5, 7, 6, 9], "texture": "#top"},
				"south": {"uv": [5, 7, 5.5, 9], "texture": "#top"},
				"west": {"uv": [5, 7, 6, 9], "texture": "#top"},
				"up": {"uv": [5, 7, 5.5, 8], "rotation": 180, "texture": "#top"},
				"down": {"uv": [5, 8, 5.5, 9], "rotation": 180, "texture": "#top"}
			}
		},
		{
			"from": [0, 4, 6],
			"to": [3, 5, 10],
			"faces": {
				"north": {"uv": [8, 6, 10, 7], "texture": "#top"},
				"east": {"uv": [6, 6, 10, 7], "texture": "#top"},
				"south": {"uv": [6, 6, 7, 7], "texture": "#top"},
				"west": {"uv": [10, 6, 6, 7], "texture": "#top"},
				"up": {"uv": [6, 6, 10, 7], "rotation": 270, "texture": "#top"},
				"down": {"uv": [10, 6, 6, 7], "rotation": 270, "texture": "#top"}
			}
		},
		{
			"from": [0, 7, 6],
			"to": [3, 9, 7],
			"faces": {
				"north": {"uv": [6, 14, 7, 12], "texture": "#top"},
				"east": {"uv": [6, 14, 7, 12], "texture": "#top"},
				"south": {"uv": [6, 14, 7, 12], "texture": "#top"},
				"west": {"uv": [7, 14, 6, 12], "texture": "#top"},
				"up": {"uv": [0, 0, 4, 1], "rotation": 180, "texture": "#missing"},
				"down": {"uv": [0, 0, 4, 1], "rotation": 180, "texture": "#missing"}
			}
		},
		{
			"from": [0, 7, 9],
			"to": [3, 9, 10],
			"faces": {
				"north": {"uv": [11, 12, 12, 14], "texture": "#top"},
				"east": {"uv": [11, 12, 12, 14], "texture": "#top"},
				"south": {"uv": [11, 12, 12, 14], "texture": "#top"},
				"west": {"uv": [11, 12, 12, 14], "texture": "#top"},
				"up": {"uv": [0, 0, 4, 1], "rotation": 180, "texture": "#missing"},
				"down": {"uv": [0, 0, 4, 1], "rotation": 180, "texture": "#missing"}
			}
		}
	]
}