{
	"credit": "Made with Blockbench - Made/edited by RyanGar46",
	"parent": "block/block",
	"textures": {
		"particle": "block/enchanting_table_bottom",
		"bottom": "block/enchanting_table_bottom",
		"top": "block/enchanting_table_top",
		"side": "block/enchanting_table_side"
	},
	"elements": [
		{
			"from": [0, 0, 0],
			"to": [16, 12, 16],
			"faces": {
				"north": {"uv": [0, 4, 16, 16], "texture": "#side", "cullface": "north"},
				"east": {"uv": [0, 4, 16, 16], "texture": "#side", "cullface": "east"},
				"south": {"uv": [0, 4, 16, 16], "texture": "#side", "cullface": "south"},
				"west": {"uv": [0, 4, 16, 16], "texture": "#side", "cullface": "west"},
				"down": {"uv": [0, 0, 16, 16], "texture": "#bottom", "cullface": "down"}
			}
		},
		{
			"from": [12.99, 8, -0.5],
			"to": [15.99, 12, 0.5],
			"faces": {
				"north": {"uv": [0, 4, 3, 8], "texture": "#side", "cullface": "north"},
				"east": {"uv": [15, 4, 16, 8], "texture": "#side", "cullface": "north"},
				"west": {"uv": [13, 4, 14, 8], "texture": "#side", "cullface": "north"},
				"up": {"uv": [13, 15, 16, 16], "texture": "#top", "cullface": "north"},
				"down": {"uv": [13, 7, 16, 8], "texture": "#side", "cullface": "north"}
			}
		},
		{
			"from": [11.99, 9, -0.475],
			"to": [12.99, 12, 0.525],
			"faces": {
				"north": {"uv": [3, 4, 4, 7], "texture": "#side", "cullface": "north"},
				"west": {"uv": [12, 4, 13, 7], "texture": "#side", "cullface": "north"},
				"up": {"uv": [12, 15, 13, 16], "rotation": 180, "texture": "#top", "cullface": "north"},
				"down": {"uv": [12, 6, 13, 7], "rotation": 180, "texture": "#side", "cullface": "north"}
			}
		},
		{
			"from": [4, 10, -0.25],
			"to": [12, 12, 0.75],
			"faces": {
				"north": {"uv": [4, 4, 12, 6], "texture": "#side", "cullface": "north"},
				"up": {"uv": [4, 15, 12, 16], "texture": "#top", "cullface": "north"},
				"down": {"uv": [4, 5, 12, 6], "texture": "#side", "cullface": "north"}
			}
		},
		{
			"from": [5, 9, -0.25],
			"to": [11, 10, 0.75],
			"faces": {
				"north": {"uv": [5, 6, 11, 7], "texture": "#side", "cullface": "north"},
				"east": {"uv": [5, 6, 6, 7], "texture": "#side", "cullface": "north"},
				"west": {"uv": [10, 6, 11, 7], "texture": "#side", "cullface": "north"},
				"down": {"uv": [5, 6, 11, 7], "texture": "#side", "cullface": "north"}
			}
		},
		{
			"from": [6, 8, -0.25],
			"to": [10, 9, 0.75],
			"faces": {
				"north": {"uv": [6, 7, 10, 8], "texture": "#side", "cullface": "north"},
				"east": {"uv": [6, 7, 7, 8], "texture": "#side", "cullface": "north"},
				"west": {"uv": [9, 7, 10, 8], "texture": "#side", "cullface": "north"},
				"down": {"uv": [6, 7, 10, 8], "texture": "#side", "cullface": "north"}
			}
		},
		{
			"from": [7, 7, -0.25],
			"to": [9, 8, 0.75],
			"faces": {
				"north": {"uv": [7, 8, 9, 9], "texture": "#side", "cullface": "north"},
				"east": {"uv": [7, 8, 8, 9], "texture": "#side", "cullface": "north"},
				"west": {"uv": [8, 8, 9, 9], "texture": "#side", "cullface": "north"},
				"down": {"uv": [7, 8, 9, 9], "texture": "#side", "cullface": "north"}
			}
		},
		{
			"from": [0.01, 8, -0.5],
			"to": [3.01, 12, 0.5],
			"faces": {
				"north": {"uv": [13, 4, 16, 8], "texture": "#side", "cullface": "north"},
				"east": {"uv": [13, 4, 14, 8], "texture": "#side", "cullface": "north"},
				"west": {"uv": [15, 4, 16, 8], "texture": "#side", "cullface": "north"},
				"up": {"uv": [13, 15, 16, 16], "rotation": 180, "texture": "#top", "cullface": "north"},
				"down": {"uv": [13, 7, 16, 8], "rotation": 180, "texture": "#side", "cullface": "north"}
			}
		},
		{
			"from": [3.01, 9, -0.475],
			"to": [4.01, 12, 0.525],
			"faces": {
				"north": {"uv": [12, 4, 13, 7], "texture": "#side", "cullface": "north"},
				"east": {"uv": [12, 4, 13, 7], "texture": "#side", "cullface": "north"},
				"up": {"uv": [12, 15, 13, 16], "texture": "#top", "cullface": "north"},
				"down": {"uv": [12, 6, 13, 7], "texture": "#side", "cullface": "north"}
			}
		},
		{
			"from": [15.5, 8, 12.99],
			"to": [16.5, 12, 15.99],
			"faces": {
				"north": {"uv": [13, 4, 14, 8], "texture": "#side", "cullface": "east"},
				"east": {"uv": [0, 4, 3, 8], "texture": "#side", "cullface": "east"},
				"south": {"uv": [15, 4, 16, 8], "texture": "#side", "cullface": "east"},
				"up": {"uv": [13, 15, 16, 16], "rotation": 90, "texture": "#top", "cullface": "east"},
				"down": {"uv": [13, 7, 16, 8], "rotation": 270, "texture": "#side", "cullface": "east"}
			}
		},
		{
			"from": [15.475, 9, 11.99],
			"to": [16.475, 12, 12.99],
			"faces": {
				"north": {"uv": [12, 4, 13, 7], "texture": "#side", "cullface": "east"},
				"east": {"uv": [3, 4, 4, 7], "texture": "#side", "cullface": "east"},
				"up": {"uv": [12, 15, 13, 16], "rotation": 270, "texture": "#top", "cullface": "east"},
				"down": {"uv": [12, 6, 13, 7], "rotation": 90, "texture": "#side", "cullface": "east"}
			}
		},
		{
			"from": [15.25, 10, 4],
			"to": [16.25, 12, 12],
			"faces": {
				"east": {"uv": [4, 4, 12, 6], "texture": "#side", "cullface": "east"},
				"up": {"uv": [4, 15, 12, 16], "rotation": 90, "texture": "#top", "cullface": "east"},
				"down": {"uv": [4, 5, 12, 6], "rotation": 270, "texture": "#side", "cullface": "east"}
			}
		},
		{
			"from": [15.25, 9, 5],
			"to": [16.25, 10, 11],
			"faces": {
				"north": {"uv": [10, 6, 11, 7], "texture": "#side", "cullface": "east"},
				"east": {"uv": [5, 6, 11, 7], "texture": "#side", "cullface": "east"},
				"south": {"uv": [5, 6, 6, 7], "texture": "#side", "cullface": "east"},
				"down": {"uv": [5, 6, 11, 7], "rotation": 270, "texture": "#side", "cullface": "east"}
			}
		},
		{
			"from": [15.25, 8, 6],
			"to": [16.25, 9, 10],
			"faces": {
				"north": {"uv": [9, 7, 10, 8], "texture": "#side", "cullface": "east"},
				"east": {"uv": [6, 7, 10, 8], "texture": "#side", "cullface": "east"},
				"south": {"uv": [6, 7, 7, 8], "texture": "#side", "cullface": "east"},
				"down": {"uv": [6, 7, 10, 8], "rotation": 270, "texture": "#side", "cullface": "east"}
			}
		},
		{
			"from": [15.25, 7, 7],
			"to": [16.25, 8, 9],
			"faces": {
				"north": {"uv": [8, 8, 9, 9], "texture": "#side", "cullface": "east"},
				"east": {"uv": [7, 8, 9, 9], "texture": "#side", "cullface": "east"},
				"south": {"uv": [7, 8, 8, 9], "texture": "#side", "cullface": "east"},
				"down": {"uv": [7, 8, 9, 9], "rotation": 270, "texture": "#side", "cullface": "east"}
			}
		},
		{
			"from": [15.475, 9, 3.01],
			"to": [16.475, 12, 4.01],
			"faces": {
				"east": {"uv": [12, 4, 13, 7], "texture": "#side", "cullface": "east"},
				"south": {"uv": [12, 4, 13, 7], "texture": "#side", "cullface": "east"},
				"up": {"uv": [12, 15, 13, 16], "rotation": 90, "texture": "#top", "cullface": "east"},
				"down": {"uv": [12, 6, 13, 7], "rotation": 270, "texture": "#side", "cullface": "east"}
			}
		},
		{
			"from": [15.5, 8, 0.01],
			"to": [16.5, 12, 3.01],
			"faces": {
				"north": {"uv": [15, 4, 16, 8], "texture": "#side", "cullface": "east"},
				"east": {"uv": [13, 4, 16, 8], "texture": "#side", "cullface": "east"},
				"south": {"uv": [13, 4, 14, 8], "texture": "#side", "cullface": "east"},
				"up": {"uv": [13, 15, 16, 16], "rotation": 270, "texture": "#top", "cullface": "east"},
				"down": {"uv": [13, 7, 16, 8], "rotation": 90, "texture": "#side", "cullface": "east"}
			}
		},
		{
			"from": [0.01, 8, 15.5],
			"to": [3.01, 12, 16.5],
			"faces": {
				"east": {"uv": [13, 4, 14, 8], "texture": "#side", "cullface": "south"},
				"south": {"uv": [0, 4, 3, 8], "texture": "#side", "cullface": "south"},
				"west": {"uv": [15, 4, 16, 8], "texture": "#side", "cullface": "south"},
				"up": {"uv": [13, 15, 16, 16], "rotation": 180, "texture": "#top", "cullface": "south"},
				"down": {"uv": [13, 7, 16, 8], "rotation": 180, "texture": "#side", "cullface": "south"}
			}
		},
		{
			"from": [3.01, 9, 15.475],
			"to": [4.01, 12, 16.475],
			"faces": {
				"east": {"uv": [12, 4, 13, 7], "texture": "#side", "cullface": "south"},
				"south": {"uv": [3, 4, 4, 7], "texture": "#side", "cullface": "south"},
				"up": {"uv": [12, 15, 13, 16], "texture": "#top", "cullface": "south"},
				"down": {"uv": [12, 6, 13, 7], "texture": "#side", "cullface": "south"}
			}
		},
		{
			"from": [4, 10, 15.25],
			"to": [12, 12, 16.25],
			"faces": {
				"south": {"uv": [4, 4, 12, 6], "texture": "#side", "cullface": "south"},
				"up": {"uv": [4, 15, 12, 16], "rotation": 180, "texture": "#top", "cullface": "south"},
				"down": {"uv": [4, 5, 12, 6], "rotation": 180, "texture": "#side", "cullface": "south"}
			}
		},
		{
			"from": [5, 9, 15.25],
			"to": [11, 10, 16.25],
			"faces": {
				"east": {"uv": [10, 6, 11, 7], "texture": "#side", "cullface": "south"},
				"south": {"uv": [5, 6, 11, 7], "texture": "#side", "cullface": "south"},
				"west": {"uv": [5, 6, 6, 7], "texture": "#side", "cullface": "south"},
				"down": {"uv": [5, 6, 11, 7], "rotation": 180, "texture": "#side", "cullface": "south"}
			}
		},
		{
			"from": [6, 8, 15.25],
			"to": [10, 9, 16.25],
			"faces": {
				"east": {"uv": [9, 7, 10, 8], "texture": "#side", "cullface": "south"},
				"south": {"uv": [6, 7, 10, 8], "texture": "#side", "cullface": "south"},
				"west": {"uv": [6, 7, 7, 8], "texture": "#side", "cullface": "south"},
				"down": {"uv": [6, 7, 10, 8], "rotation": 180, "texture": "#side", "cullface": "south"}
			}
		},
		{
			"from": [12.99, 8, 15.5],
			"to": [15.99, 12, 16.5],
			"faces": {
				"east": {"uv": [15, 4, 16, 8], "texture": "#side", "cullface": "south"},
				"south": {"uv": [13, 4, 16, 8], "texture": "#side", "cullface": "south"},
				"west": {"uv": [13, 4, 14, 8], "texture": "#side", "cullface": "south"},
				"up": {"uv": [13, 15, 16, 16], "texture": "#top", "cullface": "south"},
				"down": {"uv": [13, 7, 16, 8], "texture": "#side", "cullface": "south"}
			}
		},
		{
			"from": [11.99, 9, 15.475],
			"to": [12.99, 12, 16.475],
			"faces": {
				"south": {"uv": [12, 4, 13, 7], "texture": "#side", "cullface": "south"},
				"west": {"uv": [12, 4, 13, 7], "texture": "#side", "cullface": "south"},
				"up": {"uv": [12, 15, 13, 16], "rotation": 180, "texture": "#top", "cullface": "south"},
				"down": {"uv": [12, 6, 13, 7], "rotation": 180, "texture": "#side", "cullface": "south"}
			}
		},
		{
			"from": [7, 7, 15.25],
			"to": [9, 8, 16.25],
			"faces": {
				"east": {"uv": [8, 8, 9, 9], "texture": "#side", "cullface": "south"},
				"south": {"uv": [7, 8, 9, 9], "texture": "#side", "cullface": "south"},
				"west": {"uv": [7, 8, 8, 9], "texture": "#side", "cullface": "south"},
				"down": {"uv": [7, 8, 9, 9], "rotation": 180, "texture": "#side", "cullface": "south"}
			}
		},
		{
			"from": [-0.5, 8, 0.01],
			"to": [0.5, 12, 3.01],
			"faces": {
				"north": {"uv": [15, 4, 16, 8], "texture": "#side", "cullface": "west"},
				"south": {"uv": [13, 4, 14, 8], "texture": "#side", "cullface": "west"},
				"west": {"uv": [0, 4, 3, 8], "texture": "#side", "cullface": "west"},
				"up": {"uv": [13, 15, 16, 16], "rotation": 270, "texture": "#top", "cullface": "west"},
				"down": {"uv": [13, 7, 16, 8], "rotation": 90, "texture": "#side", "cullface": "west"}
			}
		},
		{
			"from": [-0.475, 9, 3.01],
			"to": [0.525, 12, 4.01],
			"faces": {
				"south": {"uv": [12, 4, 13, 7], "texture": "#side", "cullface": "west"},
				"west": {"uv": [3, 4, 4, 7], "texture": "#side", "cullface": "west"},
				"up": {"uv": [12, 15, 13, 16], "rotation": 90, "texture": "#top", "cullface": "west"},
				"down": {"uv": [12, 6, 13, 7], "rotation": 270, "texture": "#side", "cullface": "west"}
			}
		},
		{
			"from": [-0.25, 10, 4],
			"to": [0.75, 12, 12],
			"faces": {
				"west": {"uv": [4, 4, 12, 6], "texture": "#side", "cullface": "west"},
				"up": {"uv": [4, 15, 12, 16], "rotation": 270, "texture": "#top", "cullface": "west"},
				"down": {"uv": [4, 5, 12, 6], "rotation": 90, "texture": "#side", "cullface": "west"}
			}
		},
		{
			"from": [-0.25, 9, 5],
			"to": [0.75, 10, 11],
			"faces": {
				"north": {"uv": [5, 6, 6, 7], "texture": "#side", "cullface": "west"},
				"south": {"uv": [10, 6, 11, 7], "texture": "#side", "cullface": "west"},
				"west": {"uv": [5, 6, 11, 7], "texture": "#side", "cullface": "west"},
				"down": {"uv": [5, 6, 11, 7], "rotation": 90, "texture": "#side", "cullface": "west"}
			}
		},
		{
			"from": [-0.25, 8, 6],
			"to": [0.75, 9, 10],
			"faces": {
				"north": {"uv": [6, 7, 7, 8], "texture": "#side", "cullface": "west"},
				"south": {"uv": [9, 7, 10, 8], "texture": "#side", "cullface": "west"},
				"west": {"uv": [6, 7, 10, 8], "texture": "#side", "cullface": "west"},
				"down": {"uv": [6, 7, 10, 8], "rotation": 90, "texture": "#side", "cullface": "west"}
			}
		},
		{
			"from": [-0.25, 7, 7],
			"to": [0.75, 8, 9],
			"faces": {
				"north": {"uv": [7, 8, 8, 9], "texture": "#side", "cullface": "west"},
				"south": {"uv": [8, 8, 9, 9], "texture": "#side", "cullface": "west"},
				"west": {"uv": [7, 8, 9, 9], "texture": "#side", "cullface": "west"},
				"down": {"uv": [7, 8, 9, 9], "rotation": 90, "texture": "#side", "cullface": "west"}
			}
		},
		{
			"from": [-0.475, 9, 11.99],
			"to": [0.525, 12, 12.99],
			"faces": {
				"north": {"uv": [12, 4, 13, 7], "texture": "#side", "cullface": "west"},
				"west": {"uv": [12, 4, 13, 7], "texture": "#side", "cullface": "west"},
				"up": {"uv": [12, 15, 13, 16], "rotation": 270, "texture": "#top", "cullface": "west"},
				"down": {"uv": [12, 6, 13, 7], "rotation": 90, "texture": "#side", "cullface": "west"}
			}
		},
		{
			"from": [-0.5, 8, 12.99],
			"to": [0.5, 12, 15.99],
			"faces": {
				"north": {"uv": [13, 4, 14, 8], "texture": "#side", "cullface": "west"},
				"south": {"uv": [15, 4, 16, 8], "texture": "#side", "cullface": "west"},
				"west": {"uv": [13, 4, 16, 8], "texture": "#side", "cullface": "west"},
				"up": {"uv": [13, 15, 16, 16], "rotation": 90, "texture": "#top", "cullface": "west"},
				"down": {"uv": [13, 7, 16, 8], "rotation": 270, "texture": "#side", "cullface": "west"}
			}
		},
		{
			"from": [12, 11.5, 0],
			"to": [13, 12.5, 3],
			"faces": {
				"north": {"uv": [12, 15, 13, 16], "texture": "#top", "cullface": "north"},
				"south": {"uv": [12, 6, 13, 7], "rotation": 180, "texture": "#side"},
				"west": {"uv": [12, 4, 13, 7], "rotation": 270, "texture": "#side"},
				"up": {"uv": [12, 4, 13, 7], "texture": "#side"}
			}
		},
		{
			"from": [13, 11.5, 0],
			"to": [16, 12.5, 4],
			"faces": {
				"north": {"uv": [13, 15, 16, 16], "rotation": 180, "texture": "#top", "cullface": "north"},
				"east": {"uv": [15, 4, 16, 8], "rotation": 90, "texture": "#side", "cullface": "east"},
				"south": {"uv": [13, 7, 16, 8], "texture": "#side"},
				"west": {"uv": [13, 4, 14, 8], "rotation": 270, "texture": "#side"},
				"up": {"uv": [13, 4, 16, 8], "texture": "#side"}
			}
		},
		{
			"from": [0, 11.5, 0],
			"to": [4, 12.5, 3],
			"faces": {
				"north": {"uv": [15, 4, 16, 8], "rotation": 90, "texture": "#side", "cullface": "north"},
				"east": {"uv": [13, 7, 16, 8], "texture": "#side"},
				"south": {"uv": [13, 4, 14, 8], "rotation": 270, "texture": "#side"},
				"west": {"uv": [13, 15, 16, 16], "rotation": 180, "texture": "#top", "cullface": "west"},
				"up": {"uv": [13, 4, 16, 8], "rotation": 270, "texture": "#side"}
			}
		},
		{
			"from": [0, 11.5, 3],
			"to": [3, 12.5, 4],
			"faces": {
				"east": {"uv": [12, 6, 13, 7], "rotation": 180, "texture": "#side"},
				"south": {"uv": [12, 4, 13, 7], "rotation": 270, "texture": "#side"},
				"west": {"uv": [12, 15, 13, 16], "texture": "#top", "cullface": "west"},
				"up": {"uv": [12, 4, 13, 7], "rotation": 270, "texture": "#side"}
			}
		},
		{
			"from": [0, 11.5, 12],
			"to": [3, 12.5, 16],
			"faces": {
				"north": {"uv": [13, 7, 16, 8], "texture": "#side"},
				"east": {"uv": [13, 4, 14, 8], "rotation": 270, "texture": "#side"},
				"south": {"uv": [13, 15, 16, 16], "rotation": 180, "texture": "#top", "cullface": "south"},
				"west": {"uv": [15, 4, 16, 8], "rotation": 90, "texture": "#side", "cullface": "west"},
				"up": {"uv": [13, 4, 16, 8], "rotation": 180, "texture": "#side"}
			}
		},
		{
			"from": [3, 11.5, 13],
			"to": [4, 12.5, 16],
			"faces": {
				"north": {"uv": [12, 6, 13, 7], "rotation": 180, "texture": "#side"},
				"east": {"uv": [12, 4, 13, 7], "rotation": 270, "texture": "#side"},
				"south": {"uv": [12, 15, 13, 16], "texture": "#top", "cullface": "south"},
				"up": {"uv": [12, 4, 13, 7], "rotation": 180, "texture": "#side"}
			}
		},
		{
			"from": [12, 11.5, 13],
			"to": [16, 12.5, 16],
			"faces": {
				"north": {"uv": [13, 4, 14, 8], "rotation": 270, "texture": "#side"},
				"east": {"uv": [13, 15, 16, 16], "rotation": 180, "texture": "#top", "cullface": "east"},
				"south": {"uv": [15, 4, 16, 8], "rotation": 90, "texture": "#side", "cullface": "south"},
				"west": {"uv": [13, 7, 16, 8], "texture": "#side"},
				"up": {"uv": [13, 4, 16, 8], "rotation": 90, "texture": "#side"}
			}
		},
		{
			"from": [13, 11.5, 12],
			"to": [16, 12.5, 13],
			"faces": {
				"north": {"uv": [12, 4, 13, 7], "rotation": 270, "texture": "#side"},
				"east": {"uv": [12, 15, 13, 16], "texture": "#top", "cullface": "east"},
				"west": {"uv": [12, 6, 13, 7], "rotation": 180, "texture": "#side"},
				"up": {"uv": [12, 4, 13, 7], "rotation": 90, "texture": "#side"}
			}
		},
		{
			"from": [0, 11.25, 4],
			"to": [16, 12.25, 12],
			"faces": {
				"east": {"uv": [4, 4, 12, 5], "texture": "#side", "cullface": "east"},
				"west": {"uv": [4, 4, 12, 5], "texture": "#side", "cullface": "west"},
				"up": {"uv": [0, 4, 16, 12], "texture": "#top"}
			}
		},
		{
			"from": [4, 11.25, 0],
			"to": [12, 12.25, 16],
			"faces": {
				"north": {"uv": [4, 4, 12, 5], "texture": "#side", "cullface": "north"},
				"south": {"uv": [4, 4, 12, 5], "texture": "#side", "cullface": "south"},
				"up": {"uv": [4, 0, 12, 16], "texture": "#top"}
			}
		},
		{
			"from": [3, 11.25, 12],
			"to": [4, 12.25, 13],
			"rotation": {"angle": 0, "axis": "y", "origin": [8, 8, 17]},
			"faces": {
				"up": {"uv": [3, 3, 4, 4], "texture": "#top"}
			}
		},
		{
			"from": [3, 11.25, 3],
			"to": [4, 12.25, 4],
			"faces": {
				"up": {"uv": [3, 3, 4, 4], "texture": "#top"}
			}
		},
		{
			"from": [12, 11.25, 12],
			"to": [13, 12.25, 13],
			"rotation": {"angle": 0, "axis": "y", "origin": [17, 8, 17]},
			"faces": {
				"up": {"uv": [3, 3, 4, 4], "texture": "#top"}
			}
		},
		{
			"from": [12, 11.25, 3],
			"to": [13, 12.25, 4],
			"rotation": {"angle": 0, "axis": "y", "origin": [17, 8, 8]},
			"faces": {
				"up": {"uv": [3, 3, 4, 4], "texture": "#top"}
			}
		}
	],
	"groups": [0,
		{
			"name": "north",
			"origin": [8, 8, 8],
			"children": [1, 2, 3, 4, 5, 6, 7, 8]
		},
		{
			"name": "east",
			"origin": [8, 8, 8],
			"children": [9, 10, 11, 12, 13, 14, 15, 16]
		},
		{
			"name": "south",
			"origin": [8, 8, 8],
			"children": [17, 18, 19, 20, 21, 22, 23, 24]
		},
		{
			"name": "west",
			"origin": [8, 8, 8],
			"children": [25, 26, 27, 28, 29, 30, 31, 32]
		},
		{
			"name": "up",
			"origin": [8, 8, 8],
			"children": [33, 34, 35, 36, 37, 38, 39, 40, 41, 42, 43, 44, 45, 46]
		}
	]
}