{
	"credit": "Created by Stridey",
	"ambientocclusion": false,
	"textures": {
		"particle": "block/jungle_door_top",
		"top": "block/jungle_door_top"
	},
	"elements": [
		{
			"name": "Box10",
			"from": [0, 0, 0],
			"to": [3, 16, 4],
			"faces": {
				"north": {"uv": [1, 0, 0, 16], "texture": "#top", "cullface": "north"},
				"east": {"uv": [4, 0, 0, 16], "texture": "#top"},
				"south": {"uv": [3, 0, 4, 16], "texture": "#top"},
				"west": {"uv": [0, 0, 4, 16], "texture": "#top", "cullface": "west"},
				"up": {"uv": [0, 0, 4, 1], "rotation": 90, "texture": "#top", "cullface": "up"}
			}
		},
		{
			"name": "Box10",
			"from": [0, 0, 12],
			"to": [3, 16, 16],
			"faces": {
				"north": {"uv": [12, 0, 13, 16], "texture": "#top"},
				"east": {"uv": [16, 0, 12, 16], "texture": "#top"},
				"south": {"uv": [16, 0, 15, 16], "texture": "#top", "cullface": "south"},
				"west": {"uv": [12, 0, 16, 16], "texture": "#top", "cullface": "west"},
				"up": {"uv": [12, 0, 16, 1], "rotation": 90, "texture": "#top", "cullface": "up"}
			}
		},
		{
			"name": "Box10",
			"from": [0, 0, 4],
			"to": [3, 4, 12],
			"faces": {
				"east": {"uv": [12, 12, 4, 16], "texture": "#top"},
				"west": {"uv": [4, 12, 12, 16], "texture": "#top", "cullface": "west"},
				"up": {"uv": [7, 12, 9, 13], "texture": "#top"}
			}
		},
		{
			"name": "Box10",
			"from": [0, 4, 4],
			"to": [3, 8, 6],
			"faces": {
				"east": {"uv": [10, 8, 12, 12], "texture": "#top"},
				"south": {"uv": [5, 8, 6, 12], "texture": "#top"},
				"west": {"uv": [4, 8, 6, 12], "texture": "#top", "cullface": "west"},
				"up": {"uv": [10, 8, 12, 9], "rotation": 270, "texture": "#top"}
			}
		},
		{
			"name": "Box10",
			"from": [0, 4, 10],
			"to": [3, 8, 12],
			"faces": {
				"north": {"uv": [10, 8, 11, 12], "texture": "#top"},
				"east": {"uv": [4, 8, 6, 12], "texture": "#top"},
				"west": {"uv": [10, 8, 12, 12], "texture": "#top", "cullface": "west"},
				"up": {"uv": [4, 8, 6, 9], "rotation": 270, "texture": "#top"}
			}
		},
		{
			"name": "Box10",
			"from": [0, 6, 6],
			"to": [3, 8, 10],
			"faces": {
				"east": {"uv": [6, 8, 10, 10], "texture": "#top"},
				"west": {"uv": [6, 8, 10, 10], "texture": "#top", "cullface": "west"},
				"up": {"uv": [6, 8, 10, 9], "rotation": 270, "texture": "#top"},
				"down": {"uv": [6, 9, 10, 10], "texture": "#top"}
			}
		},
		{
			"name": "Box10",
			"from": [0, 4, 6],
			"to": [3, 5, 7],
			"faces": {
				"east": {"uv": [9, 11, 10, 12], "texture": "#top"},
				"south": {"uv": [6, 11, 7, 12], "texture": "#top"},
				"west": {"uv": [6, 11, 7, 12], "texture": "#top", "cullface": "west"},
				"up": {"uv": [6, 11, 7, 12], "texture": "#top"}
			}
		},
		{
			"name": "Box10",
			"from": [0, 4, 9],
			"to": [3, 5, 10],
			"faces": {
				"north": {"uv": [9, 11, 10, 12], "texture": "#top"},
				"east": {"uv": [6, 11, 7, 12], "texture": "#top"},
				"west": {"uv": [9, 11, 10, 12], "texture": "#top", "cullface": "west"},
				"up": {"uv": [9, 11, 10, 12], "texture": "#top"}
			}
		},
		{
			"name": "Box10",
			"from": [0.5, 8, 6],
			"to": [2.5, 13, 7],
			"faces": {
				"north": {"uv": [6, 3, 7, 8], "texture": "#top"},
				"east": {"uv": [9, 3, 10, 8], "texture": "#top"},
				"south": {"uv": [6, 3, 7, 8], "texture": "#top"},
				"west": {"uv": [6, 3, 7, 8], "texture": "#top", "cullface": "west"}
			}
		},
		{
			"name": "Box10",
			"from": [0.5, 8, 9],
			"to": [2.5, 13, 10],
			"faces": {
				"north": {"uv": [9, 3, 10, 8], "texture": "#top"},
				"east": {"uv": [6, 3, 7, 8], "texture": "#top"},
				"south": {"uv": [9, 3, 10, 8], "texture": "#top"},
				"west": {"uv": [9, 3, 10, 8], "texture": "#top", "cullface": "west"}
			}
		},
		{
			"name": "Box10",
			"from": [0, 13, 4],
			"to": [3, 16, 12],
			"faces": {
				"east": {"uv": [12, 0, 4, 3], "texture": "#top"},
				"west": {"uv": [4, 0, 12, 3], "texture": "#top", "cullface": "west"},
				"up": {"uv": [4, 0, 12, 1], "rotation": 90, "texture": "#top", "cullface": "up"},
				"down": {"uv": [7, 2, 9, 3], "texture": "#top"}
			}
		},
		{
			"name": "Box10",
			"from": [0, 11, 4],
			"to": [3, 13, 5],
			"faces": {
				"east": {"uv": [11, 3, 12, 5], "texture": "#top"},
				"south": {"uv": [4, 4, 5, 5], "texture": "#top"},
				"west": {"uv": [4, 3, 5, 5], "texture": "#top", "cullface": "west"},
				"down": {"uv": [4, 4, 5, 5], "texture": "#top"}
			}
		},
		{
			"name": "Box10",
			"from": [0, 11, 11],
			"to": [3, 13, 12],
			"faces": {
				"north": {"uv": [11, 3, 12, 5], "texture": "#top"},
				"east": {"uv": [4, 3, 5, 5], "texture": "#top"},
				"west": {"uv": [11, 3, 12, 5], "texture": "#top", "cullface": "west"},
				"down": {"uv": [11, 4, 12, 5], "texture": "#top"}
			}
		},
		{
			"name": "Box10",
			"from": [0, 12, 10],
			"to": [3, 13, 11],
			"faces": {
				"north": {"uv": [10, 3, 11, 4], "texture": "#top"},
				"east": {"uv": [5, 3, 6, 4], "texture": "#top"},
				"south": {"uv": [5, 3, 6, 4], "texture": "#top"},
				"west": {"uv": [10, 3, 11, 4], "texture": "#top", "cullface": "west"},
				"down": {"uv": [10, 3, 11, 4], "texture": "#top"}
			}
		},
		{
			"name": "Box10",
			"from": [0, 12, 5],
			"to": [3, 13, 6],
			"faces": {
				"north": {"uv": [10, 3, 11, 4], "texture": "#top"},
				"east": {"uv": [10, 3, 11, 4], "texture": "#top"},
				"south": {"uv": [5, 3, 6, 4], "texture": "#top"},
				"west": {"uv": [5, 3, 6, 4], "texture": "#top", "cullface": "west"},
				"down": {"uv": [5, 3, 6, 4], "texture": "#top"}
			}
		},
		{
			"from": [-0.5, 0, 11],
			"to": [3.5, 2, 12],
			"rotation": {"angle": 0, "axis": "y", "origin": [11, 8, 19]},
			"faces": {
				"north": {"uv": [11, 14, 12, 16], "texture": "#top"},
				"east": {"uv": [11, 14, 12, 16], "texture": "#top"},
				"south": {"uv": [11, 14, 12, 16], "texture": "#top"},
				"west": {"uv": [11, 14, 12, 16], "texture": "#top", "cullface": "west"},
				"up": {"uv": [11, 14, 12, 15], "texture": "#top"},
				"down": {"uv": [11, 15, 12, 16], "texture": "#top", "cullface": "down"}
			}
		},
		{
			"from": [-0.5, 1, 12],
			"to": [3.5, 2, 14],
			"rotation": {"angle": 0, "axis": "y", "origin": [11, 8, 20]},
			"faces": {
				"east": {"uv": [12, 14, 14, 15], "rotation": 180, "texture": "#top"},
				"south": {"uv": [13, 14, 14, 15], "texture": "#top"},
				"west": {"uv": [12, 14, 14, 15], "texture": "#top", "cullface": "west"},
				"up": {"uv": [12, 14, 14, 15], "rotation": 90, "texture": "#top"},
				"down": {"uv": [12, 14, 14, 15], "rotation": 270, "texture": "#top"}
			}
		}
	]
}