{
	"credit": "Made with Blockbench - Made/edited by RyanGar46",
	"ambientocclusion": false,
	"textures": {
		"particle": "block/ladder",
		"texture": "block/ladder"
	},
	"elements": [
		{
			"name": "Cube",
			"from": [2, 0, 15],
			"to": [4, 16, 16],
			"faces": {
				"north": {"uv": [12, 0, 14, 16], "texture": "#texture"},
				"east": {"uv": [12, 0, 13, 16], "texture": "#texture"},
				"south": {"uv": [12, 0, 14, 16], "texture": "#texture", "cullface": "south"},
				"west": {"uv": [14, 0, 13, 16], "texture": "#texture"},
				"up": {"uv": [12, 0, 14, 1], "rotation": 180, "texture": "#texture", "cullface": "up"},
				"down": {"uv": [12, 15, 14, 16], "rotation": 180, "texture": "#texture", "cullface": "down"}
			}
		},
		{
			"name": "Cube",
			"from": [12, 0, 15],
			"to": [14, 16, 16],
			"faces": {
				"north": {"uv": [2, 0, 4, 16], "texture": "#texture"},
				"east": {"uv": [2, 0, 3, 16], "texture": "#texture"},
				"south": {"uv": [2, 0, 4, 16], "texture": "#texture", "cullface": "south"},
				"west": {"uv": [4, 0, 3, 16], "texture": "#texture"},
				"up": {"uv": [2, 0, 4, 1], "rotation": 180, "texture": "#texture", "cullface": "up"},
				"down": {"uv": [2, 15, 4, 16], "rotation": 180, "texture": "#texture", "cullface": "down"}
			}
		},
		{
			"name": "Cube",
			"from": [1, 1, 14],
			"to": [15, 3, 15],
			"faces": {
				"north": {"uv": [1, 1, 15, 3], "texture": "#texture"},
				"east": {"uv": [1, 1, 2, 3], "texture": "#texture"},
				"south": {"uv": [1, 1, 15, 3], "texture": "#texture"},
				"west": {"uv": [1, 1, 2, 3], "texture": "#texture"},
				"up": {"uv": [1, 1, 15, 2], "rotation": 180, "texture": "#texture"},
				"down": {"uv": [1, 2, 15, 3], "rotation": 180, "texture": "#texture"}
			}
		},
		{
			"name": "Cube",
			"from": [1, 5, 14],
			"to": [15, 7, 15],
			"faces": {
				"north": {"uv": [1, 1, 15, 3], "texture": "#texture"},
				"east": {"uv": [1, 1, 2, 3], "texture": "#texture"},
				"south": {"uv": [1, 1, 15, 3], "texture": "#texture"},
				"west": {"uv": [1, 1, 2, 3], "texture": "#texture"},
				"up": {"uv": [1, 1, 15, 2], "rotation": 180, "texture": "#texture"},
				"down": {"uv": [1, 2, 15, 3], "rotation": 180, "texture": "#texture"}
			}
		},
		{
			"name": "Cube",
			"from": [1, 9, 14],
			"to": [15, 11, 15],
			"faces": {
				"north": {"uv": [1, 1, 15, 3], "texture": "#texture"},
				"east": {"uv": [1, 1, 2, 3], "texture": "#texture"},
				"south": {"uv": [1, 1, 15, 3], "texture": "#texture"},
				"west": {"uv": [1, 1, 2, 3], "texture": "#texture"},
				"up": {"uv": [1, 1, 15, 2], "rotation": 180, "texture": "#texture"},
				"down": {"uv": [1, 2, 15, 3], "rotation": 180, "texture": "#texture"}
			}
		},
		{
			"name": "Cube",
			"from": [1, 13, 14],
			"to": [15, 15, 15],
			"faces": {
				"north": {"uv": [1, 1, 15, 3], "texture": "#texture"},
				"east": {"uv": [1, 1, 2, 3], "texture": "#texture"},
				"south": {"uv": [1, 1, 15, 3], "texture": "#texture"},
				"west": {"uv": [1, 1, 2, 3], "texture": "#texture"},
				"up": {"uv": [1, 1, 15, 2], "rotation": 180, "texture": "#texture"},
				"down": {"uv": [1, 2, 15, 3], "rotation": 180, "texture": "#texture"}
			}
		}
	],
	"display": {
		"thirdperson_righthand": {
			"translation": [0, 2.75, -1],
			"scale": [0.375, 0.375, 0.375]
		},
		"thirdperson_lefthand": {
			"translation": [0, 3, -0.5],
			"scale": [0.375, 0.375, 0.375]
		},
		"firstperson_righthand": {
			"rotation": [0, -79, 25],
			"translation": [3.63, 1.5, 1.13],
			"scale": [0.68, 0.68, 0.68]
		},
		"firstperson_lefthand": {
			"rotation": [0, -79, 25],
			"translation": [3.63, 1.5, 1.13],
			"scale": [0.68, 0.68, 0.68]
		},
		"ground": {
			"translation": [0, 1.5, -1.5],
			"scale": [0.25, 0.25, 0.25]
		},
		"gui": {
			"rotation": [30, 149, 0],
			"translation": [-3.25, -2.5, 0],
			"scale": [0.8, 0.8, 0.8]
		},
		"head": {
			"rotation": [0, 180, 0]
		},
		"fixed": {
			"translation": [0, 0, -8.25]
		}
	}
}