{
	"credit": "Made with Blockbench",
	"textures": {
		"0": "block/mangrove_trapdoor",
		"1": "block/mangrove_trapdoor_side",
		"particle": "block/mangrove_trapdoor"
	},
	"elements": [
		{
			"from": [13, 13, 0],
			"to": [16, 16, 16],
			"faces": {
				"north": {"uv": [0, 0, 2, 3], "texture": "#1"},
				"east": {"uv": [0, 0, 16, 3], "texture": "#1"},
				"south": {"uv": [14, 0, 16, 3], "texture": "#1"},
				"west": {"uv": [0, 0, 16, 3], "texture": "#1"},
				"up": {"uv": [0, 0, 3, 16], "rotation": 180, "texture": "#0"},
				"down": {"uv": [0, 16, 3, 0], "rotation": 180, "texture": "#0"}
			}
		},
		{
			"from": [3, 13, 13],
			"to": [13, 16, 16],
			"faces": {
				"north": {"uv": [3, 0, 13, 3], "texture": "#1"},
				"south": {"uv": [3, 0, 13, 3], "texture": "#1"},
				"up": {"uv": [3, 0, 13, 3], "rotation": 180, "texture": "#0"},
				"down": {"uv": [3, 3, 13, 0], "rotation": 180, "texture": "#0"}
			}
		},
		{
			"from": [3, 13, 0],
			"to": [13, 16, 3],
			"faces": {
				"north": {"uv": [3, 0, 13, 3], "texture": "#1"},
				"south": {"uv": [3, 0, 13, 3], "texture": "#1"},
				"up": {"uv": [3, 13, 13, 16], "rotation": 180, "texture": "#0"},
				"down": {"uv": [3, 16, 13, 13], "rotation": 180, "texture": "#0"}
			}
		},
		{
			"from": [0, 13, 0],
			"to": [3, 16, 16],
			"faces": {
				"north": {"uv": [13, 0, 16, 3], "texture": "#1"},
				"east": {"uv": [0, 0, 16, 3], "texture": "#1"},
				"south": {"uv": [0, 0, 3, 3], "texture": "#1"},
				"west": {"uv": [0, 0, 16, 3], "texture": "#1"},
				"up": {"uv": [13, 0, 16, 16], "rotation": 180, "texture": "#0"},
				"down": {"uv": [13, 16, 16, 0], "rotation": 180, "texture": "#0"}
			}
		},
		{
			"from": [12, 13, 12],
			"to": [13, 16, 13],
			"faces": {
				"north": {"uv": [0, 0, 1, 3], "texture": "#1"},
				"east": {"uv": [0, 0, 1, 3], "texture": "#1"},
				"south": {"uv": [0, 0, 1, 3], "texture": "#1"},
				"west": {"uv": [0, 0, 1, 3], "texture": "#1"},
				"up": {"uv": [3, 3, 4, 4], "texture": "#0"},
				"down": {"uv": [3, 3, 4, 4], "texture": "#0"}
			}
		},
		{
			"from": [3, 13, 3],
			"to": [4, 16, 4],
			"faces": {
				"north": {"uv": [0, 0, 1, 3], "texture": "#1"},
				"east": {"uv": [0, 0, 1, 3], "texture": "#1"},
				"south": {"uv": [0, 0, 1, 3], "texture": "#1"},
				"west": {"uv": [0, 0, 1, 3], "texture": "#1"},
				"up": {"uv": [12, 12, 13, 13], "texture": "#0"},
				"down": {"uv": [12, 12, 13, 13], "texture": "#0"}
			}
		},
		{
			"from": [3, 13, 12],
			"to": [4, 16, 13],
			"faces": {
				"north": {"uv": [0, 0, 1, 3], "texture": "#1"},
				"east": {"uv": [0, 0, 1, 3], "texture": "#1"},
				"south": {"uv": [0, 0, 1, 3], "texture": "#1"},
				"west": {"uv": [0, 0, 1, 3], "texture": "#1"},
				"up": {"uv": [12, 3, 13, 4], "texture": "#0"},
				"down": {"uv": [12, 3, 13, 4], "texture": "#0"}
			}
		},
		{
			"from": [12, 13, 3],
			"to": [13, 16, 4],
			"faces": {
				"north": {"uv": [0, 0, 1, 3], "texture": "#1"},
				"east": {"uv": [0, 0, 1, 3], "texture": "#1"},
				"south": {"uv": [0, 0, 1, 3], "texture": "#1"},
				"west": {"uv": [0, 0, 1, 3], "texture": "#1"},
				"up": {"uv": [3, 12, 4, 13], "texture": "#0"},
				"down": {"uv": [3, 12, 4, 13], "texture": "#0"}
			}
		},
		{
			"from": [3, 13.25, 3],
			"to": [5, 15.75, 13],
			"faces": {
				"north": {"uv": [3, 0.5, 13, 2.5], "texture": "#1"},
				"east": {"uv": [3, 0.5, 13, 2.5], "texture": "#1"},
				"south": {"uv": [3, 0.5, 13, 2.5], "texture": "#1"},
				"west": {"uv": [3, 0.5, 13, 2.5], "texture": "#1"},
				"up": {"uv": [3, 3, 5, 13], "texture": "#0"},
				"down": {"uv": [3, 3, 5, 13], "texture": "#0"}
			}
		},
		{
			"from": [11, 13.25, 3],
			"to": [13, 15.75, 13],
			"faces": {
				"north": {"uv": [3, 0.5, 13, 2.5], "texture": "#1"},
				"east": {"uv": [3, 0.5, 13, 2.5], "texture": "#1"},
				"south": {"uv": [3, 0.5, 13, 2.5], "texture": "#1"},
				"west": {"uv": [3, 0.5, 13, 2.5], "texture": "#1"},
				"up": {"uv": [11, 3, 13, 13], "texture": "#0"},
				"down": {"uv": [11, 3, 13, 13], "texture": "#0"}
			}
		},
		{
			"from": [5, 13.25, 3],
			"to": [11, 15.75, 5],
			"faces": {
				"north": {"uv": [3, 0.5, 13, 2.5], "texture": "#1"},
				"east": {"uv": [3, 0.5, 13, 2.5], "texture": "#1"},
				"south": {"uv": [3, 0.5, 13, 2.5], "texture": "#1"},
				"west": {"uv": [3, 0.5, 13, 2.5], "texture": "#1"},
				"up": {"uv": [11, 3, 5, 5], "texture": "#0"},
				"down": {"uv": [5, 5, 11, 3], "texture": "#0"}
			}
		},
		{
			"from": [5, 13.25, 11],
			"to": [11, 15.75, 13],
			"faces": {
				"north": {"uv": [3, 0.5, 13, 2.5], "texture": "#1"},
				"east": {"uv": [3, 0.5, 13, 2.5], "texture": "#1"},
				"south": {"uv": [3, 0.5, 13, 2.5], "texture": "#1"},
				"west": {"uv": [3, 0.5, 13, 2.5], "texture": "#1"},
				"up": {"uv": [5, 11, 11, 13], "texture": "#0"},
				"down": {"uv": [5, 11, 11, 13], "texture": "#0"}
			}
		},
		{
			"from": [5, 13.25, 10],
			"to": [6, 15.75, 11],
			"faces": {
				"north": {"uv": [0, 0, 1, 3], "texture": "#1"},
				"east": {"uv": [0, 0, 1, 3], "texture": "#1"},
				"south": {"uv": [0, 0, 1, 3], "texture": "#1"},
				"west": {"uv": [0, 0, 1, 3], "texture": "#1"},
				"up": {"uv": [10, 5, 11, 6], "texture": "#0"},
				"down": {"uv": [10, 5, 11, 6], "texture": "#0"}
			}
		},
		{
			"from": [10, 13.25, 10],
			"to": [11, 15.75, 11],
			"faces": {
				"north": {"uv": [0, 0, 1, 3], "texture": "#1"},
				"east": {"uv": [0, 0, 1, 3], "texture": "#1"},
				"south": {"uv": [0, 0, 1, 3], "texture": "#1"},
				"west": {"uv": [0, 0, 1, 3], "texture": "#1"},
				"up": {"uv": [10, 5, 11, 6], "texture": "#0"},
				"down": {"uv": [10, 5, 11, 6], "texture": "#0"}
			}
		},
		{
			"from": [5, 13.25, 5],
			"to": [6, 15.75, 6],
			"faces": {
				"north": {"uv": [0, 0, 1, 3], "texture": "#1"},
				"east": {"uv": [0, 0, 1, 3], "texture": "#1"},
				"south": {"uv": [0, 0, 1, 3], "texture": "#1"},
				"west": {"uv": [0, 0, 1, 3], "texture": "#1"},
				"up": {"uv": [10, 5, 11, 6], "texture": "#0"},
				"down": {"uv": [10, 5, 11, 6], "texture": "#0"}
			}
		},
		{
			"from": [10, 13.25, 5],
			"to": [11, 15.75, 6],
			"faces": {
				"north": {"uv": [0, 0, 1, 3], "texture": "#1"},
				"east": {"uv": [0, 0, 1, 3], "texture": "#1"},
				"south": {"uv": [0, 0, 1, 3], "texture": "#1"},
				"west": {"uv": [0, 0, 1, 3], "texture": "#1"},
				"up": {"uv": [10, 5, 11, 6], "texture": "#0"},
				"down": {"uv": [10, 5, 11, 6], "texture": "#0"}
			}
		}
	],
	"display": {
		"thirdperson_righthand": {
			"rotation": [75, 45, 0],
			"translation": [0, 2.5, 0],
			"scale": [0.375, 0.375, 0.375]
		},
		"thirdperson_lefthand": {
			"rotation": [75, 45, 0],
			"translation": [0, 2.5, 0],
			"scale": [0.375, 0.375, 0.375]
		},
		"firstperson_righthand": {
			"rotation": [0, 45, 0],
			"scale": [0.4, 0.4, 0.4]
		},
		"firstperson_lefthand": {
			"rotation": [0, 225, 0],
			"scale": [0.4, 0.4, 0.4]
		},
		"ground": {
			"translation": [0, 3, 0],
			"scale": [0.25, 0.25, 0.25]
		},
		"gui": {
			"rotation": [30, 225, 0],
			"scale": [0.625, 0.625, 0.625]
		},
		"fixed": {
			"scale": [0.5, 0.5, 0.5]
		}
	},
	"groups": [
		{
			"name": "PUERTA",
			"origin": [0, 0, 0],
			"color": 0,
			"children": [
				0,
				1,
				2,
				3,
				4,
				5,
				6,
				7,
				{
					"name": "BIFURCACION",
					"origin": [8, 8, 8],
					"color": 0,
					"children": [8, 9, 10, 11, 12, 13, 14, 15]
				}
			]
		}
	]
}