{
	"credit": "Created by Stridey",
	"ambientocclusion": false,
	"textures": {
		"particle": "block/mangrove_door_top",
		"bottom": "block/mangrove_door_top"
	},
	"elements": [
		{
			"from": [0, 13, 3],
			"to": [3, 16, 13],
			"rotation": {"angle": 0, "axis": "y", "origin": [1.5, 8.25, 8]},
			"faces": {
				"east": {"uv": [13, 0, 3, 3], "texture": "#bottom"},
				"west": {"uv": [3, 0, 13, 3], "texture": "#bottom", "cullface": "west"},
				"up": {"uv": [3, 0, 13, 1], "rotation": 90, "texture": "#bottom", "cullface": "up"},
				"down": {"uv": [3, 2, 13, 3], "rotation": 270, "texture": "#bottom"}
			}
		},
		{
			"from": [0, 0, 0],
			"to": [3, 16, 3],
			"rotation": {"angle": 0, "axis": "y", "origin": [1.5, 8.25, 8]},
			"faces": {
				"north": {"uv": [0, 0, 1, 16], "texture": "#bottom", "cullface": "north"},
				"east": {"uv": [3, 0, 0, 16], "texture": "#bottom"},
				"south": {"uv": [2, 0, 3, 16], "texture": "#bottom"},
				"west": {"uv": [0, 0, 3, 16], "texture": "#bottom", "cullface": "west"},
				"up": {"uv": [0, 0, 3, 1], "rotation": 90, "texture": "#bottom", "cullface": "up"}
			}
		},
		{
			"from": [0, 0, 13],
			"to": [3, 16, 16],
			"rotation": {"angle": 0, "axis": "y", "origin": [1.5, 8.25, 8]},
			"faces": {
				"north": {"uv": [13, 0, 14, 16], "texture": "#bottom"},
				"east": {"uv": [16, 0, 13, 16], "texture": "#bottom"},
				"south": {"uv": [15, 0, 16, 16], "texture": "#bottom", "cullface": "south"},
				"west": {"uv": [13, 0, 16, 16], "texture": "#bottom", "cullface": "west"},
				"up": {"uv": [13, 0, 16, 1], "rotation": 90, "texture": "#bottom", "cullface": "up"}
			}
		},
		{
			"from": [0, 12, 3],
			"to": [3, 13, 4],
			"rotation": {"angle": 0, "axis": "y", "origin": [1.5, 8.25, 8]},
			"faces": {
				"east": {"uv": [4, 3, 3, 4], "texture": "#bottom"},
				"south": {"uv": [3, 3, 4, 4], "texture": "#bottom"},
				"west": {"uv": [3, 3, 4, 4], "texture": "#bottom", "cullface": "west"},
				"down": {"uv": [3, 3, 4, 4], "texture": "#bottom"}
			}
		},
		{
			"from": [0, 12, 12],
			"to": [3, 13, 13],
			"rotation": {"angle": 0, "axis": "y", "origin": [1.5, 8.25, 8]},
			"faces": {
				"north": {"uv": [12, 3, 13, 4], "texture": "#bottom"},
				"east": {"uv": [12, 3, 13, 4], "texture": "#bottom"},
				"west": {"uv": [12, 3, 13, 4], "texture": "#bottom", "cullface": "west"},
				"down": {"uv": [12, 3, 13, 4], "texture": "#bottom"}
			}
		},
		{
			"from": [0.25, 11, 5],
			"to": [2.75, 13, 11],
			"rotation": {"angle": 0, "axis": "y", "origin": [1.5, 8.25, 8]},
			"faces": {
				"east": {"uv": [11, 3, 5, 5], "texture": "#bottom"},
				"west": {"uv": [5, 3, 11, 5], "texture": "#bottom"},
				"down": {"uv": [5, 4, 11, 5], "rotation": 270, "texture": "#bottom"}
			}
		},
		{
			"from": [0.25, 0, 11],
			"to": [2.75, 13, 13],
			"rotation": {"angle": 0, "axis": "y", "origin": [1.5, 8.25, 8]},
			"faces": {
				"north": {"uv": [11, 3, 12, 16], "texture": "#bottom"},
				"east": {"uv": [13, 3, 11, 16], "texture": "#bottom"},
				"west": {"uv": [11, 3, 13, 16], "texture": "#bottom"}
			}
		},
		{
			"from": [0.25, 0, 3],
			"to": [2.75, 13, 5],
			"rotation": {"angle": 0, "axis": "y", "origin": [1.5, 8.25, 8]},
			"faces": {
				"east": {"uv": [5, 3, 3, 16], "texture": "#bottom"},
				"south": {"uv": [4, 3, 5, 16], "texture": "#bottom"},
				"west": {"uv": [3, 3, 5, 16], "texture": "#bottom"}
			}
		},
		{
			"from": [0.25, 10, 5],
			"to": [2.75, 11, 6],
			"rotation": {"angle": 0, "axis": "y", "origin": [1.5, 8.25, 8]},
			"faces": {
				"east": {"uv": [5, 5, 6, 6], "texture": "#bottom"},
				"south": {"uv": [5, 5, 6, 6], "texture": "#bottom"},
				"west": {"uv": [5, 5, 6, 6], "texture": "#bottom"},
				"down": {"uv": [5, 5, 6, 6], "texture": "#bottom"}
			}
		},
		{
			"from": [0.25, 10, 10],
			"to": [2.75, 11, 11],
			"rotation": {"angle": 0, "axis": "y", "origin": [1.5, 8.25, 8]},
			"faces": {
				"north": {"uv": [10, 5, 11, 6], "texture": "#bottom"},
				"east": {"uv": [10, 5, 11, 6], "texture": "#bottom"},
				"west": {"uv": [10, 5, 11, 6], "texture": "#bottom"},
				"down": {"uv": [10, 5, 11, 6], "texture": "#bottom"}
			}
		},
		{
			"from": [0.5, 0, 5],
			"to": [2.5, 11, 11],
			"rotation": {"angle": 0, "axis": "y", "origin": [1.5, 8.25, 8]},
			"faces": {
				"east": {"uv": [11, 5, 5, 16], "texture": "#bottom"},
				"west": {"uv": [5, 5, 11, 16], "texture": "#bottom"}
			}
		},
		{
			"from": [0, 6, 7],
			"to": [3, 8, 9],
			"rotation": {"angle": 0, "axis": "y", "origin": [1.5, 8.25, 8]},
			"faces": {
				"north": {"uv": [6, 8, 7, 10], "texture": "#bottom"},
				"east": {"uv": [9, 8, 7, 10], "texture": "#bottom"},
				"south": {"uv": [9, 8, 10, 10], "texture": "#bottom"},
				"west": {"uv": [7, 8, 9, 10], "texture": "#bottom", "cullface": "west"},
				"up": {"uv": [7, 8, 9, 9], "rotation": 90, "texture": "#bottom"},
				"down": {"uv": [7, 9, 9, 10], "rotation": 90, "texture": "#bottom"}
			}
		},
		{
			"from": [0.25, 6, 6],
			"to": [2.75, 8, 10],
			"rotation": {"angle": 0, "axis": "y", "origin": [1.5, 8.25, 8]},
			"faces": {
				"north": {"uv": [6, 8, 10, 10], "texture": "#bottom"},
				"east": {"uv": [10, 8, 6, 10], "texture": "#bottom"},
				"south": {"uv": [9, 8, 10, 10], "texture": "#bottom"},
				"west": {"uv": [6, 8, 10, 10], "texture": "#bottom"},
				"up": {"uv": [6, 8, 10, 9], "rotation": 90, "texture": "#bottom"},
				"down": {"uv": [6, 9, 10, 10], "rotation": 90, "texture": "#bottom"}
			}
		},
		{
			"from": [0.25, 5, 7],
			"to": [2.75, 9, 9],
			"rotation": {"angle": 0, "axis": "y", "origin": [1.5, 8.25, 8]},
			"faces": {
				"north": {"uv": [7, 7, 8, 11], "texture": "#bottom"},
				"east": {"uv": [9, 7, 7, 11], "texture": "#bottom"},
				"south": {"uv": [8, 7, 9, 11], "texture": "#bottom"},
				"west": {"uv": [7, 7, 9, 11], "texture": "#bottom"},
				"up": {"uv": [7, 7, 9, 8], "texture": "#bottom"},
				"down": {"uv": [7, 10, 9, 11], "texture": "#bottom"}
			}
		},
		{
			"from": [0, 0, 7],
			"to": [3, 1, 9],
			"rotation": {"angle": 0, "axis": "y", "origin": [1.5, 8.25, 8]},
			"faces": {
				"north": {"uv": [7, 15, 8, 16], "texture": "#bottom"},
				"east": {"uv": [9, 15, 7, 16], "texture": "#bottom"},
				"south": {"uv": [8, 15, 9, 16], "texture": "#bottom"},
				"west": {"uv": [7, 15, 9, 16], "texture": "#bottom", "cullface": "west"},
				"up": {"uv": [7, 15, 9, 16], "rotation": 90, "texture": "#bottom"}
			}
		},
		{
			"from": [0.25, 0, 7],
			"to": [2.75, 2, 9],
			"rotation": {"angle": 0, "axis": "y", "origin": [1.5, 8.25, 8]},
			"faces": {
				"north": {"uv": [7, 14, 8, 16], "texture": "#bottom"},
				"east": {"uv": [9, 14, 7, 16], "texture": "#bottom"},
				"south": {"uv": [8, 14, 9, 16], "texture": "#bottom"},
				"west": {"uv": [7, 14, 9, 16], "texture": "#bottom"},
				"up": {"uv": [7, 14, 9, 15], "rotation": 90, "texture": "#bottom"}
			}
		},
		{
			"from": [0.25, 0, 6],
			"to": [2.75, 1, 10],
			"rotation": {"angle": 0, "axis": "y", "origin": [1.5, 8.25, 8]},
			"faces": {
				"north": {"uv": [6, 15, 7, 16], "texture": "#bottom"},
				"east": {"uv": [10, 15, 6, 16], "texture": "#bottom"},
				"south": {"uv": [9, 15, 10, 16], "texture": "#bottom"},
				"west": {"uv": [6, 15, 10, 16], "texture": "#bottom"},
				"up": {"uv": [6, 15, 10, 16], "rotation": 90, "texture": "#bottom"}
			}
		},
		{
			"from": [-0.5, 0, 13],
			"to": [3.5, 3, 14],
			"rotation": {"angle": 0, "axis": "y", "origin": [1.5, 8.25, 8]},
			"faces": {
				"north": {"uv": [13, 13, 14, 16], "texture": "#bottom"},
				"east": {"uv": [13, 13, 14, 16], "texture": "#bottom"},
				"south": {"uv": [13, 13, 14, 16], "texture": "#bottom"},
				"west": {"uv": [13, 13, 14, 16], "texture": "#bottom", "cullface": "west"},
				"up": {"uv": [13, 13, 14, 14], "texture": "#bottom"}
			}
		},
		{
			"from": [-0.5, 2, 12],
			"to": [3.5, 3, 13],
			"rotation": {"angle": 0, "axis": "y", "origin": [1.5, 8.25, 8]},
			"faces": {
				"north": {"uv": [12, 13, 13, 14], "texture": "#bottom"},
				"east": {"uv": [12, 13, 13, 14], "texture": "#bottom"},
				"west": {"uv": [12, 13, 13, 14], "texture": "#bottom", "cullface": "west"},
				"up": {"uv": [12, 13, 13, 14], "texture": "#bottom"},
				"down": {"uv": [12, 13, 13, 14], "texture": "#bottom"}
			}
		}
	],
	"groups": [
		{
			"name": "PUERTA",
			"origin": [8, 8, 8],
			"color": 0,
			"children": [
				0,
				1,
				2,
				3,
				4,
				{
					"name": "BIFURCACION 1",
					"origin": [8, 8, 8],
					"color": 0,
					"children": [
						5,
						6,
						7,
						8,
						9,
						{
							"name": "BIFURCACION 2",
							"origin": [8, 8, 8],
							"color": 0,
							"children": [
								10,
								{
									"name": "Adornos",
									"origin": [8, 8, 8],
									"color": 0,
									"children": [11, 12, 13, 14, 15, 16]
								}
							]
						}
					]
				},
				{
					"name": "CERROJO",
					"origin": [8, 8, 8],
					"color": 0,
					"children": [17, 18]
				}
			]
		}
	]
}