{
	"credit": "Created by Stridey",
	"ambientocclusion": false,
	"textures": {
		"0": "block/mangrove_door_bottom",
		"particle": "block/mangrove_door_bottom"
	},
	"elements": [
		{
			"from": [0, 0, 3],
			"to": [3, 3, 13],
			"rotation": {"angle": 0, "axis": "y", "origin": [1.5, 8, 8]},
			"faces": {
				"east": {"uv": [13, 13, 3, 16], "texture": "#0"},
				"west": {"uv": [3, 13, 13, 16], "texture": "#0", "cullface": "west"},
				"up": {"uv": [13, 13, 3, 14], "rotation": 270, "texture": "#0"},
				"down": {"uv": [3, 16, 13, 15], "rotation": 180, "texture": "#0", "cullface": "down"}
			}
		},
		{
			"from": [0, 0, 13],
			"to": [3, 16, 16],
			"rotation": {"angle": 0, "axis": "y", "origin": [1.5, 8, 8]},
			"faces": {
				"north": {"uv": [13, 0, 14, 16], "texture": "#0"},
				"east": {"uv": [16, 0, 13, 16], "texture": "#0"},
				"south": {"uv": [16, 0, 15, 16], "texture": "#0", "cullface": "south"},
				"west": {"uv": [13, 0, 16, 16], "texture": "#0", "cullface": "west"},
				"down": {"uv": [15, 16, 16, 15], "rotation": 180, "texture": "#0", "cullface": "down"}
			}
		},
		{
			"from": [0, 0, 0],
			"to": [3, 16, 3],
			"rotation": {"angle": 0, "axis": "y", "origin": [1.5, 8, 8]},
			"faces": {
				"north": {"uv": [0, 0, 1, 16], "texture": "#0", "cullface": "north"},
				"east": {"uv": [3, 0, 0, 16], "texture": "#0"},
				"south": {"uv": [3, 0, 2, 16], "texture": "#0"},
				"west": {"uv": [0, 0, 3, 16], "texture": "#0", "cullface": "west"},
				"down": {"uv": [0, 16, 3, 15], "rotation": 270, "texture": "#0", "cullface": "down"}
			}
		},
		{
			"from": [-0.5, 13, 13],
			"to": [3.5, 16, 14],
			"rotation": {"angle": 0, "axis": "y", "origin": [1.5, 8, 8]},
			"faces": {
				"north": {"uv": [13, 0, 14, 3], "texture": "#0"},
				"east": {"uv": [13, 0, 14, 3], "texture": "#0"},
				"south": {"uv": [13, 0, 14, 3], "texture": "#0"},
				"west": {"uv": [13, 0, 14, 3], "texture": "#0", "cullface": "west"},
				"down": {"uv": [13, 2, 14, 3], "rotation": 180, "texture": "#0"}
			}
		},
		{
			"from": [-0.5, 13, 12],
			"to": [3.5, 14, 13],
			"rotation": {"angle": 0, "axis": "y", "origin": [1.5, 8, 8]},
			"faces": {
				"north": {"uv": [12, 2, 13, 3], "texture": "#0"},
				"east": {"uv": [12, 2, 13, 3], "texture": "#0"},
				"west": {"uv": [12, 2, 13, 3], "texture": "#0", "cullface": "west"},
				"up": {"uv": [12, 2, 13, 3], "rotation": 180, "texture": "#0"},
				"down": {"uv": [12, 2, 13, 3], "rotation": 180, "texture": "#0"}
			}
		},
		{
			"from": [0.25, 3, 5],
			"to": [2.75, 5, 11],
			"rotation": {"angle": 0, "axis": "y", "origin": [1.5, 8, 8]},
			"faces": {
				"east": {"uv": [11, 11, 5, 13], "texture": "#0"},
				"west": {"uv": [5, 11, 11, 13], "texture": "#0"},
				"up": {"uv": [5, 11, 11, 12], "rotation": 270, "texture": "#0"}
			}
		},
		{
			"from": [0.25, 3, 11],
			"to": [2.75, 16, 13],
			"rotation": {"angle": 0, "axis": "y", "origin": [1.5, 8, 8]},
			"faces": {
				"north": {"uv": [11, 0, 12, 13], "texture": "#0"},
				"east": {"uv": [13, 0, 11, 13], "texture": "#0"},
				"west": {"uv": [11, 0, 13, 13], "texture": "#0"}
			}
		},
		{
			"from": [0.25, 3, 3],
			"to": [2.75, 16, 5],
			"rotation": {"angle": 0, "axis": "y", "origin": [1.5, 8, 8]},
			"faces": {
				"east": {"uv": [5, 0, 3, 13], "texture": "#0"},
				"south": {"uv": [4, 0, 5, 13], "texture": "#0"},
				"west": {"uv": [3, 0, 5, 13], "texture": "#0"}
			}
		},
		{
			"from": [0.5, 5, 5],
			"to": [2.5, 16, 11],
			"rotation": {"angle": 0, "axis": "y", "origin": [1.5, 8, 8]},
			"faces": {
				"east": {"uv": [11, 0, 5, 11], "texture": "#0"},
				"west": {"uv": [5, 0, 11, 11], "texture": "#0"}
			}
		},
		{
			"from": [0, 8, 7],
			"to": [3, 10, 9],
			"rotation": {"angle": 0, "axis": "y", "origin": [1.5, 8, 8]},
			"faces": {
				"north": {"uv": [7, 6, 8, 8], "texture": "#0"},
				"east": {"uv": [9, 6, 7, 8], "texture": "#0"},
				"south": {"uv": [8, 6, 9, 8], "texture": "#0"},
				"west": {"uv": [7, 6, 9, 8], "texture": "#0", "cullface": "west"},
				"up": {"uv": [7, 6, 9, 7], "rotation": 90, "texture": "#0"},
				"down": {"uv": [7, 7, 9, 8], "rotation": 90, "texture": "#0"}
			}
		},
		{
			"from": [0.25, 8, 6],
			"to": [2.75, 10, 10],
			"rotation": {"angle": 0, "axis": "y", "origin": [1.5, 8, 8]},
			"faces": {
				"north": {"uv": [6, 6, 7, 8], "texture": "#0"},
				"east": {"uv": [10, 6, 6, 8], "texture": "#0"},
				"south": {"uv": [9, 6, 10, 8], "texture": "#0"},
				"west": {"uv": [6, 6, 10, 8], "texture": "#0"},
				"up": {"uv": [6, 6, 10, 7], "rotation": 90, "texture": "#0"},
				"down": {"uv": [6, 7, 10, 8], "rotation": 90, "texture": "#0"}
			}
		},
		{
			"from": [0.25, 7, 7],
			"to": [2.75, 11, 9],
			"rotation": {"angle": 0, "axis": "y", "origin": [1.5, 8, 8]},
			"faces": {
				"north": {"uv": [7, 5, 8, 9], "texture": "#0"},
				"east": {"uv": [9, 5, 7, 9], "texture": "#0"},
				"south": {"uv": [8, 5, 9, 9], "texture": "#0"},
				"west": {"uv": [7, 5, 9, 9], "texture": "#0"},
				"up": {"uv": [7, 5, 9, 6], "rotation": 180, "texture": "#0"},
				"down": {"uv": [7, 8, 9, 9], "rotation": 180, "texture": "#0"}
			}
		},
		{
			"from": [0, 15, 7],
			"to": [3, 16, 9],
			"rotation": {"angle": 0, "axis": "y", "origin": [1.5, 8, 8]},
			"faces": {
				"north": {"uv": [7, 0, 8, 1], "texture": "#0"},
				"east": {"uv": [7, 0, 9, 1], "texture": "#0"},
				"south": {"uv": [7, 0, 8, 1], "texture": "#0"},
				"west": {"uv": [7, 0, 9, 1], "texture": "#0", "cullface": "west"},
				"down": {"uv": [7, 0, 9, 1], "texture": "#0"}
			}
		},
		{
			"from": [0.25, 15, 6],
			"to": [2.75, 16, 10],
			"rotation": {"angle": 0, "axis": "y", "origin": [1.5, 8, 8]},
			"faces": {
				"north": {"uv": [9, 0, 10, 1], "texture": "#0"},
				"east": {"uv": [10, 0, 6, 1], "texture": "#0"},
				"south": {"uv": [9, 0, 10, 1], "texture": "#0"},
				"west": {"uv": [6, 0, 10, 1], "texture": "#0"},
				"down": {"uv": [6, 0, 10, 1], "rotation": 90, "texture": "#0"}
			}
		},
		{
			"from": [0.25, 14, 7],
			"to": [2.75, 16, 9],
			"rotation": {"angle": 0, "axis": "y", "origin": [1.5, 8, 8]},
			"faces": {
				"north": {"uv": [7, 0, 8, 2], "texture": "#0"},
				"east": {"uv": [9, 0, 7, 2], "texture": "#0"},
				"south": {"uv": [8, 0, 9, 2], "texture": "#0"},
				"west": {"uv": [7, 0, 9, 2], "texture": "#0"},
				"down": {"uv": [7, 1, 9, 2], "texture": "#0"}
			}
		}
	],
	"groups": [
		{
			"name": "PUERTA",
			"origin": [8, 8, 8],
			"color": 0,
			"children": [
				0,
				1,
				2,
				{
					"name": "CERROJO",
					"origin": [8, 8, 8],
					"color": 0,
					"children": [3, 4]
				},
				{
					"name": "BIFURCACION 1",
					"origin": [8, 8, 8],
					"color": 0,
					"children": [
						5,
						6,
						7,
						{
							"name": "BIFURCACION 2",
							"origin": [8, 8, 8],
							"color": 0,
							"children": [
								8,
								{
									"name": "ADORNOS",
									"origin": [8, 8, 8],
									"color": 0,
									"children": [9, 10, 11, 12, 13, 14]
								}
							]
						}
					]
				}
			]
		}
	]
}